filename,strava_id,route,local_start,duration_min,points,start_lat,start_lon,end_lat,end_lon,strava_name,type,variant
20260813-1618-work2home-19726172105.gpx,19726172105,work2home,2026-08-13 16:18,17.0,1005,50.8635,4.6883,50.8365,4.6382,Actividad por la tarde,ebikeride,A
20260813-0831-home2work-19720913908.gpx,19720913908,home2work,2026-08-13 08:31,16.3,977,50.8365,4.6382,50.8633,4.6879,Actividad por la mañana,ebikeride,main
20260812-1738-other-19713046039.gpx,19713046039,other,2026-08-12 17:38,19.7,1170,50.8784,4.6805,50.8367,4.6382,Actividad por la tarde,ebikeride,
20260812-1445-home2work-19710858960.gpx,19710858960,home2work,2026-08-12 14:45,14.8,889,50.8365,4.6387,50.8636,4.6869,Actividad por la tarde,ebikeride,main
20260811-1842-other-19698921149.gpx,19698921149,other,2026-08-11 18:42,26.9,1549,50.8703,4.6919,50.8366,4.6382,Actividad vespertina,ebikeride,
20260811-0828-home2work-19691203692.gpx,19691203692,home2work,2026-08-11 08:28,15.0,890,50.8365,4.6383,50.8634,4.6879,Actividad por la mañana,ebikeride,main
20260810-1907-other-19683998159.gpx,19683998159,other,2026-08-10 19:07,4.9,293,50.8455,4.6539,50.8365,4.6382,Actividad vespertina,ebikeride,
20260810-0923-home2work-19677438031.gpx,19677438031,home2work,2026-08-10 09:23,15.2,909,50.8365,4.6383,50.8633,4.6879,Actividad por la mañana,ebikeride,main
20260809-1900-work2home-19677298540.gpx,19677298540,work2home,2026-08-09 19:00,15.7,869,50.8634,4.6883,50.8365,4.6382,Actividad vespertina,ebikeride,B
20260809-1805-other-19671504764.gpx,19671504764,other,2026-08-09 18:05,27.4,992,50.8812,4.7151,50.8639,4.6869,Actividad vespertina,ebikeride,
20260809-1011-other-19664221843.gpx,19664221843,other,2026-08-09 10:11,7.7,413,50.8633,4.6883,50.8577,4.698,Actividad por la mañana,ebikeride,
20260809-0914-other-19663690665.gpx,19663690665,other,2026-08-09 09:14,12.1,598,50.8416,4.6472,50.8633,4.6878,Actividad por la mañana,ebikeride,
20260809-0746-other-19663559030.gpx,19663559030,other,2026-08-09 07:46,29.7,616,50.8381,4.6395,50.8408,4.6407,Carrera por la mañana,running,
20260808-1955-work2home-19658451877.gpx,19658451877,work2home,2026-08-08 19:55,15.0,894,50.8634,4.688,50.8365,4.6382,Actividad vespertina,ebikeride,A
20260808-1841-other-19657520752.gpx,19657520752,other,2026-08-08 18:41,9.0,541,50.8809,4.7144,50.8634,4.6882,Actividad vespertina,ebikeride,
20260808-0958-other-19650203020.gpx,19650203020,other,2026-08-08 09:58,10.1,561,50.8639,4.6891,50.8815,4.7149,Actividad por la mañana,ebikeride,
20260808-0848-home2work-19649577531.gpx,19649577531,home2work,2026-08-08 08:48,14.4,859,50.8362,4.6392,50.8633,4.6879,Actividad por la mañana,ebikeride,main
20260807-1847-work2home-19643453356.gpx,19643453356,work2home,2026-08-07 18:47,18.0,1070,50.8631,4.6876,50.8366,4.6382,Actividad vespertina,ebikeride,A
20260807-1732-home2work-19642526095.gpx,19642526095,home2work,2026-08-07 17:32,15.3,919,50.8364,4.6384,50.8633,4.6878,Actividad por la tarde,ebikeride,main
20260806-1516-work2home-19627136592.gpx,19627136592,work2home,2026-08-06 15:16,15.1,897,50.8633,4.6882,50.8365,4.6382,Actividad por la tarde,ebikeride,A
20260806-0857-home2work-19622830015.gpx,19622830015,home2work,2026-08-06 08:57,15.0,890,50.8365,4.6384,50.8634,4.6879,Actividad por la mañana,ebikeride,main
20260805-1852-work2home-19615380701.gpx,19615380701,work2home,2026-08-05 18:52,16.1,761,50.8636,4.687,50.8365,4.6382,Actividad vespertina,ebikeride,A
20260805-1034-home2work-19609112346.gpx,19609112346,home2work,2026-08-05 10:34,14.3,849,50.8367,4.641,50.8634,4.6879,Actividad por la mañana,ebikeride,main
20260804-1859-work2home-19608991543.gpx,19608991543,work2home,2026-08-04 18:59,15.8,943,50.8635,4.6882,50.8365,4.6382,Actividad vespertina,ebikeride,A
20260804-0944-home2work-19593459794.gpx,19593459794,home2work,2026-08-04 09:44,15.1,902,50.8362,4.6398,50.8634,4.6882,Actividad por la mañana,ebikeride,main
20260803-2005-work2home-19586484852.gpx,19586484852,work2home,2026-08-03 20:05,15.1,898,50.8637,4.6868,50.8365,4.6382,Actividad vespertina,ebikeride,A
20260803-1034-other-19579576468.gpx,19579576468,other,2026-08-03 10:34,11.5,688,50.8811,4.7146,50.8635,4.6882,Actividad por la mañana,ebikeride,
20260801-1305-other-19554546683.gpx,19554546683,other,2026-08-01 13:05,32.9,1664,50.8365,4.6382,50.8815,4.7149,Actividad por la tarde,ebikeride,
20260731-1851-work2home-19545118665.gpx,19545118665,work2home,2026-07-31 18:51,15.1,905,50.8637,4.6869,50.8365,4.6382,Actividad vespertina,ebikeride,A
20260731-1034-home2work-19539495549.gpx,19539495549,home2work,2026-07-31 10:34,15.1,899,50.8364,4.6386,50.8636,4.6869,Actividad por la mañana,ebikeride,main
20260730-1834-work2home-19531457200.gpx,19531457200,work2home,2026-07-30 18:34,17.6,1038,50.8637,4.6867,50.8365,4.6382,Actividad vespertina,ebikeride,A
20260730-0952-other-19531231143.gpx,19531231143,other,2026-07-30 09:52,521.2,3477,50.8446,4.6526,50.8637,4.6869,Actividad por la mañana,ebikeride,
20260729-1736-other-19516729558.gpx,19516729558,other,2026-07-29 17:36,18.3,1089,50.8707,4.692,50.8366,4.6381,Actividad por la tarde,ebikeride,
20260729-0956-home2work-19511512652.gpx,19511512652,home2work,2026-07-29 09:56,40.8,1664,50.8365,4.6383,50.8637,4.6872,Actividad por la mañana,ebikeride,main
20260728-1619-work2home-19501080034.gpx,19501080034,work2home,2026-07-28 16:19,25.0,1501,50.8635,4.6872,50.8365,4.6382,Actividad por la tarde,ebikeride,A
20260728-1018-home2work-19496354080.gpx,19496354080,home2work,2026-07-28 10:18,14.7,884,50.8364,4.6383,50.8633,4.6879,Actividad por la mañana,ebikeride,main
20260727-2325-work2home-19491419206.gpx,19491419206,work2home,2026-07-27 23:25,15.0,903,50.8629,4.6874,50.8365,4.6382,Actividad nocturna,ebikeride,B
20260727-0843-home2work-19481481998.gpx,19481481998,home2work,2026-07-27 08:43,19.1,1140,50.8364,4.6384,50.8637,4.6872,Actividad por la mañana,ebikeride,main
20260725-1836-other-19462311329.gpx,19462311329,other,2026-07-25 18:36,39.3,2347,50.8224,4.5066,50.8637,4.687,Actividad vespertina,ebikeride,
20260725-1010-other-19455377521.gpx,19455377521,other,2026-07-25 10:10,41.7,2500,50.8636,4.6869,50.8221,4.5054,Actividad por la mañana,ebikeride,
20260725-0858-home2work-19454333922.gpx,19454333922,home2work,2026-07-25 08:58,14.9,884,50.8365,4.6383,50.8637,4.687,Actividad por la mañana,ebikeride,main
20260724-1838-work2home-19448004625.gpx,19448004625,work2home,2026-07-24 18:38,15.1,894,50.8637,4.6869,50.8365,4.6382,Actividad vespertina,ebikeride,A
20260724-0910-home2work-19441815836.gpx,19441815836,home2work,2026-07-24 09:10,14.3,854,50.8365,4.6383,50.8637,4.6867,Actividad por la mañana,ebikeride,main
20260723-2147-work2home-19436961849.gpx,19436961849,work2home,2026-07-23 21:47,15.2,911,50.8634,4.6882,50.8365,4.6382,Actividad nocturna,ebikeride,B
20260723-0930-home2work-19428145590.gpx,19428145590,home2work,2026-07-23 09:30,14.6,865,50.8365,4.6384,50.8634,4.688,Actividad por la mañana,ebikeride,main
20260722-2042-other-19422151065.gpx,19422151065,other,2026-07-22 20:42,9.7,573,50.8559,4.6657,50.8365,4.6382,Actividad vespertina,ebikeride,
20260722-0952-home2work-19421935423.gpx,19421935423,home2work,2026-07-22 09:52,644.2,7291,50.8364,4.6383,50.8636,4.6871,Actividad por la mañana,ebikeride,main
20260721-2048-other-19413926559.gpx,19413926559,other,2026-07-21 20:48,22.4,1339,50.8812,4.7151,50.8364,4.6385,Actividad vespertina,ebikeride,
20260721-1132-other-19407568557.gpx,19407568557,other,2026-07-21 11:32,24.2,1443,50.8365,4.6383,50.8814,4.7149,Actividad a la hora del almuerzo,ebikeride,
20260720-1855-work2home-19399895229.gpx,19399895229,work2home,2026-07-20 18:55,996.1,947,50.8636,4.687,50.8365,4.6383,Actividad vespertina,ebikeride,A
20260720-1001-other-19385292914.gpx,19385292914,other,2026-07-20 10:01,9.5,556,50.8813,4.7142,50.8637,4.687,Actividad por la mañana,ebikeride,
20260719-0931-other-19372299586.gpx,19372299586,other,2026-07-19 09:31,45.7,2318,50.8366,4.6382,50.8911,4.7256,Actividad por la mañana,ebikeride,
20260717-2332-work2home-19354821638.gpx,19354821638,work2home,2026-07-17 23:32,15.3,920,50.8636,4.687,50.8366,4.6381,Actividad nocturna,ebikeride,B
20260717-2128-other-19353873809.gpx,19353873809,other,2026-07-17 21:28,13.8,826,50.8812,4.7151,50.8637,4.6869,Actividad nocturna,ebikeride,
20260717-1616-other-19350741523.gpx,19350741523,other,2026-07-17 16:16,25.1,1506,50.8367,4.6381,50.8817,4.7146,Actividad por la tarde,ebikeride,
20260716-2253-other-19342092619.gpx,19342092619,other,2026-07-16 22:53,15.7,937,50.8774,4.5913,50.8366,4.6382,Actividad nocturna,ebikeride,
20260716-1838-other-19339128827.gpx,19339128827,other,2026-07-16 18:38,18.0,906,50.8366,4.6382,50.8783,4.5877,Actividad vespertina,ebikeride,
20260716-1738-work2home-19338378744.gpx,19338378744,work2home,2026-07-16 17:38,14.7,874,50.8637,4.6869,50.8366,4.6382,Actividad por la tarde,ebikeride,A
20260716-0949-home2work-19333212434.gpx,19333212434,home2work,2026-07-16 09:49,15.3,915,50.8367,4.6381,50.8636,4.6869,Actividad por la mañana,ebikeride,main
20260715-1943-other-19326704259.gpx,19326704259,other,2026-07-15 19:43,17.8,1060,50.8707,4.692,50.8366,4.6382,Actividad vespertina,ebikeride,
20260715-1027-home2work-19319989088.gpx,19319989088,home2work,2026-07-15 10:27,15.2,907,50.8367,4.6382,50.8636,4.6869,Actividad por la mañana,ebikeride,main
20260715-0020-work2home-19315592710.gpx,19315592710,work2home,2026-07-15 00:20,16.1,964,50.8632,4.6874,50.8366,4.6382,Actividad nocturna,ebikeride,B
20260714-1549-home2work-19309779059.gpx,19309779059,home2work,2026-07-14 15:49,15.0,901,50.8364,4.6383,50.8636,4.6869,Actividad por la tarde,ebikeride,main
20260627-1924-work2home-19088822425.gpx,19088822425,work2home,2026-06-27 19:24,15.2,906,50.8637,4.687,50.8365,4.6382,Actividad vespertina,ebikeride,A
20260627-1339-other-19084856936.gpx,19084856936,other,2026-06-27 13:39,16.6,988,50.8366,4.6383,50.8679,4.6866,Actividad por la tarde,ebikeride,
20260626-1816-work2home-19075511866.gpx,19075511866,work2home,2026-06-26 18:16,14.9,884,50.8637,4.687,50.8367,4.6381,Actividad vespertina,ebikeride,A
20260626-0927-home2work-19070848156.gpx,19070848156,home2work,2026-06-26 09:27,14.9,891,50.8367,4.6382,50.8636,4.6868,Actividad por la mañana,ebikeride,main
20260625-2114-work2home-19065646341.gpx,19065646341,work2home,2026-06-25 21:14,15.2,903,50.8633,4.6853,50.8366,4.6382,Actividad nocturna,ebikeride,A
20260625-0854-home2work-19058426314.gpx,19058426314,home2work,2026-06-25 08:54,15.3,911,50.8366,4.6381,50.8636,4.6869,Actividad por la mañana,ebikeride,main
20260624-1607-work2home-19049842192.gpx,19049842192,work2home,2026-06-24 16:07,15.4,916,50.8638,4.6868,50.8366,4.6382,Actividad por la tarde,ebikeride,A
20260624-1045-home2work-19046401361.gpx,19046401361,home2work,2026-06-24 10:45,15.2,900,50.8368,4.6383,50.8636,4.6869,Actividad por la mañana,ebikeride,main
20260623-2239-work2home-19040966717.gpx,19040966717,work2home,2026-06-23 22:39,14.4,790,50.8637,4.6869,50.8367,4.6382,Actividad nocturna,ebikeride,A
20260623-1609-other-19040836709.gpx,19040836709,other,2026-06-23 16:09,390.3,241,50.8757,4.7004,50.8637,4.6869,Actividad por la tarde,ebikeride,
20260623-1323-other-19034304242.gpx,19034304242,other,2026-06-23 13:23,6.8,409,50.8637,4.6869,50.8758,4.7007,Actividad por la tarde,ebikeride,
20260623-1105-other-19032798569.gpx,19032798569,other,2026-06-23 11:05,11.7,691,50.8435,4.6514,50.8636,4.6869,Actividad a la hora del almuerzo,ebikeride,
20260623-0931-other-19032115895.gpx,19032115895,other,2026-06-23 09:31,4.0,242,50.8366,4.6382,50.8433,4.6511,Actividad por la mañana,ebikeride,
20260622-2152-work2home-19026866294.gpx,19026866294,work2home,2026-06-22 21:52,24.0,1411,50.8637,4.6867,50.8365,4.6382,Actividad nocturna,ebikeride,A
20260622-1639-other-19022975831.gpx,19022975831,other,2026-06-22 16:39,10.9,648,50.8433,4.6511,50.8636,4.6869,Actividad por la tarde,ebikeride,
20260621-1451-work2home-19011356244.gpx,19011356244,work2home,2026-06-21 14:51,102.1,1541,50.8636,4.6871,50.8366,4.6382,Actividad por la tarde,ebikeride,A
20260621-0833-other-19005498505.gpx,19005498505,other,2026-06-21 08:33,19.3,833,50.8851,4.7226,50.8637,4.687,Actividad por la mañana,ebikeride,
20260621-0717-other-19005107215.gpx,19005107215,other,2026-06-21 07:17,31.5,1605,50.8367,4.6383,50.882,4.7144,Actividad por la mañana,ebikeride,
20260620-1524-other-18997615638.gpx,18997615638,other,2026-06-20 15:24,42.6,2142,50.8245,4.5145,50.8366,4.6382,Actividad por la tarde,ebikeride,
20260620-0945-other-18993177513.gpx,18993177513,other,2026-06-20 09:45,34.9,1938,50.8365,4.6382,50.8222,4.5057,Actividad por la mañana,ebikeride,
20260620-0001-work2home-18989339700.gpx,18989339700,work2home,2026-06-20 00:01,16.4,951,50.8635,4.6894,50.8365,4.6382,Actividad nocturna,ebikeride,B
20260619-1135-home2work-18981986996.gpx,18981986996,home2work,2026-06-19 11:35,14.8,889,50.8365,4.6383,50.8633,4.6879,Actividad a la hora del almuerzo,ebikeride,main
20260618-2310-work2home-18976919847.gpx,18976919847,work2home,2026-06-18 23:10,18.1,701,50.8634,4.6881,50.8366,4.6382,Actividad nocturna,ebikeride,B
20260618-1320-home2work-18970179762.gpx,18970179762,home2work,2026-06-18 13:20,14.6,869,50.8368,4.6381,50.8633,4.6879,Actividad por la tarde,ebikeride,main
20260617-2220-work2home-18963316789.gpx,18963316789,work2home,2026-06-17 22:20,15.2,907,50.8623,4.6874,50.8365,4.6383,Actividad nocturna,ebikeride,B
20260617-1219-home2work-18955636577.gpx,18955636577,home2work,2026-06-17 12:19,14.9,885,50.8365,4.6384,50.8634,4.6882,Actividad a la hora del almuerzo,ebikeride,main
20260616-2230-work2home-18949259562.gpx,18949259562,work2home,2026-06-16 22:30,15.3,917,50.8635,4.6871,50.8365,4.6382,Actividad nocturna,ebikeride,B
20260616-1211-home2work-18940926405.gpx,18940926405,home2work,2026-06-16 12:11,14.4,846,50.8365,4.6384,50.8634,4.688,Actividad a la hora del almuerzo,ebikeride,main
20260615-2359-work2home-18935332720.gpx,18935332720,work2home,2026-06-15 23:59,16.0,960,50.8636,4.687,50.8365,4.6382,Actividad nocturna,ebikeride,B
20260615-1226-home2work-18927230226.gpx,18927230226,home2work,2026-06-15 12:26,15.3,907,50.8365,4.6383,50.8637,4.687,Actividad a la hora del almuerzo,ebikeride,main
20260614-1425-other-18916881865.gpx,18916881865,other,2026-06-14 14:25,22.4,1346,50.8795,4.7035,50.8365,4.6382,Actividad por la tarde,ebikeride,
20260614-1221-other-18914888435.gpx,18914888435,other,2026-06-14 12:21,11.3,659,50.8586,4.6957,50.8788,4.7028,Actividad a la hora del almuerzo,ebikeride,
20260614-1019-other-18913128020.gpx,18913128020,other,2026-06-14 10:19,17.0,1019,50.8365,4.6383,50.8577,4.6981,Actividad por la mañana,ebikeride,
20260613-2214-other-18908821850.gpx,18908821850,other,2026-06-13 22:14,33.4,2004,50.8221,4.505,50.8365,4.6382,Actividad nocturna,ebikeride,
20260613-0817-other-18898771232.gpx,18898771232,other,2026-06-13 08:17,34.2,2053,50.8365,4.6382,50.8221,4.5055,Actividad por la mañana,ebikeride,
20260612-2223-work2home-18895067518.gpx,18895067518,work2home,2026-06-12 22:23,16.6,951,50.8635,4.6873,50.8365,4.6382,Actividad nocturna,ebikeride,B
20260612-1042-home2work-18887838701.gpx,18887838701,home2work,2026-06-12 10:42,15.7,905,50.8365,4.6383,50.8633,4.6877,Actividad por la mañana,ebikeride,offroute
20260611-1923-work2home-18881030862.gpx,18881030862,work2home,2026-06-11 19:23,16.6,991,50.8635,4.6881,50.8365,4.6382,Actividad vespertina,ebikeride,B
20260611-1022-other-18875760231.gpx,18875760231,other,2026-06-11 10:22,106.4,1595,50.8634,4.6882,50.8633,4.6879,Actividad por la mañana,ebikeride,
20260611-0950-home2work-18874829241.gpx,18874829241,home2work,2026-06-11 09:50,14.6,823,50.8365,4.6383,50.8634,4.6879,Actividad por la mañana,ebikeride,main
20260610-1949-work2home-18868404668.gpx,18868404668,work2home,2026-06-10 19:49,18.7,874,50.8634,4.6882,50.8365,4.6382,Actividad vespertina,ebikeride,B
20260610-1027-home2work-18861593489.gpx,18861593489,home2work,2026-06-10 10:27,14.8,891,50.8366,4.6383,50.8632,4.6877,Actividad por la mañana,ebikeride,main
20260608-2154-work2home-18841808651.gpx,18841808651,work2home,2026-06-08 21:54,16.0,959,50.8634,4.6871,50.8365,4.6382,Actividad nocturna,ebikeride,B
20260608-0944-home2work-18833461896.gpx,18833461896,home2work,2026-06-08 09:44,15.5,926,50.8365,4.6382,50.8637,4.687,Actividad por la mañana,ebikeride,main
20260607-1213-other-18833364296.gpx,18833364296,other,2026-06-07 12:13,21.5,1263,50.8582,4.6956,50.8366,4.6382,Actividad a la hora del almuerzo,ebikeride,
20260607-1021-other-18819610406.gpx,18819610406,other,2026-06-07 10:21,7.0,422,50.8637,4.687,50.859,4.6957,Actividad por la mañana,ebikeride,
20260607-0934-other-18819152678.gpx,18819152678,other,2026-06-07 09:34,8.9,534,50.8811,4.7151,50.8637,4.687,Actividad por la mañana,ebikeride,
20260606-1236-other-18808109098.gpx,18808109098,other,2026-06-06 12:36,26.6,1239,50.8364,4.6383,50.8816,4.7151,Actividad a la hora del almuerzo,ebikeride,
20260605-2230-other-18807724683.gpx,18807724683,other,2026-06-05 22:30,8.6,515,50.8234,4.6531,50.8365,4.6382,Actividad nocturna,ebikeride,
20260605-1944-other-18799995112.gpx,18799995112,other,2026-06-05 19:44,15.3,917,50.8633,4.6883,50.8234,4.6532,Actividad vespertina,ebikeride,
20260605-1352-home2work-18795862624.gpx,18795862624,home2work,2026-06-05 13:52,15.2,916,50.8365,4.6384,50.8631,4.6877,Actividad por la tarde,ebikeride,main
20260604-2049-other-18795862677.gpx,18795862677,other,2026-06-04 20:49,173.2,1495,50.8778,4.7037,50.8365,4.6382,Actividad vespertina,ebikeride,
20260604-1002-home2work-18780325387.gpx,18780325387,home2work,2026-06-04 10:02,15.3,917,50.8364,4.6383,50.8633,4.6879,Actividad por la mañana,ebikeride,main
20260603-1834-work2home-18780222983.gpx,18780222983,work2home,2026-06-03 18:34,17.0,1022,50.8635,4.6881,50.8365,4.6382,Actividad vespertina,ebikeride,B
20260603-0911-home2work-18766271302.gpx,18766271302,home2work,2026-06-03 09:11,15.4,926,50.8364,4.6383,50.8633,4.6879,Actividad por la mañana,ebikeride,main
20260602-2048-work2home-18760293314.gpx,18760293314,work2home,2026-06-02 20:48,15.9,948,50.8634,4.6881,50.8365,4.6382,Actividad vespertina,ebikeride,A
20260602-1007-home2work-18752324602.gpx,18752324602,home2work,2026-06-02 10:07,16.9,950,50.8364,4.6382,50.8632,4.6877,Actividad por la mañana,ebikeride,main
20260601-2136-work2home-18752208700.gpx,18752208700,work2home,2026-06-01 21:36,14.9,856,50.8636,4.6861,50.8366,4.6382,Actividad nocturna,ebikeride,A
20260601-2006-other-18746531376.gpx,18746531376,other,2026-06-01 20:06,89.8,3068,50.8707,4.6921,50.8637,4.6868,Actividad vespertina,ebikeride,
20260601-1935-other-18745057112.gpx,18745057112,other,2026-06-01 19:35,17.4,1043,50.8365,4.6383,50.8707,4.692,Actividad vespertina,ebikeride,
20260530-1926-other-18731616628.gpx,18731616628,other,2026-05-30 19:26,35.6,2137,50.822,4.5051,50.8366,4.6382,Actividad vespertina,ebikeride,
20260530-1052-other-18712368664.gpx,18712368664,other,2026-05-30 10:52,38.7,2324,50.8221,4.5052,50.8231,4.5095,Carrera por la mañana,running,
20260530-0920-other-18711247109.gpx,18711247109,other,2026-05-30 09:20,43.7,2623,50.8367,4.6382,50.8223,4.5061,Actividad por la mañana,ebikeride,
20260529-2225-other-18706894564.gpx,18706894564,other,2026-05-29 22:25,31.8,1910,50.8225,4.5069,50.8365,4.6382,Actividad nocturna,ebikeride,
20260529-1746-other-18703980453.gpx,18703980453,other,2026-05-29 17:46,15.4,926,50.8322,4.565,50.8221,4.5051,Actividad por la tarde,ebikeride,
20260529-1659-other-18703636348.gpx,18703636348,other,2026-05-29 16:59,30.9,1854,50.8632,4.6884,50.8322,4.5649,Actividad por la tarde,ebikeride,
20260529-1153-home2work-18700121468.gpx,18700121468,home2work,2026-05-29 11:53,15.3,906,50.8365,4.6383,50.8632,4.6877,Actividad a la hora del almuerzo,ebikeride,main
20260528-1953-work2home-18692426723.gpx,18692426723,work2home,2026-05-28 19:53,14.7,873,50.8637,4.6864,50.8365,4.6382,Actividad vespertina,ebikeride,A
20260528-0926-home2work-18685558523.gpx,18685558523,home2work,2026-05-28 09:26,15.0,880,50.8365,4.6382,50.8633,4.6878,Actividad por la mañana,ebikeride,main
20260527-1902-work2home-18677822165.gpx,18677822165,work2home,2026-05-27 19:02,14.7,874,50.8636,4.6869,50.8365,4.6382,Actividad vespertina,ebikeride,A
20260527-1151-home2work-18672753207.gpx,18672753207,home2work,2026-05-27 11:51,15.1,899,50.8363,4.639,50.8636,4.6869,Actividad a la hora del almuerzo,ebikeride,main
20260526-1802-other-18672586858.gpx,18672586858,other,2026-05-26 18:02,31.8,1906,50.8223,4.5073,50.8365,4.6382,Actividad vespertina,ebikeride,
20260526-1614-other-18662123906.gpx,18662123906,other,2026-05-26 16:14,46.7,2803,50.8636,4.6868,50.8221,4.5051,Actividad por la tarde,ebikeride,
20260526-0953-home2work-18657870193.gpx,18657870193,home2work,2026-05-26 09:53,15.1,895,50.8365,4.6383,50.8637,4.687,Actividad por la mañana,ebikeride,main
20260525-2253-other-18653676289.gpx,18653676289,other,2026-05-25 22:53,31.6,1887,50.8223,4.5062,50.8365,4.6382,Actividad nocturna,ebikeride,
20260525-1302-other-18646868980.gpx,18646868980,other,2026-05-25 13:02,67.6,3888,50.8365,4.6383,50.8225,4.5071,Actividad por la tarde,ebikeride,
20260524-1311-other-18640295595.gpx,18640295595,other,2026-05-24 13:11,25.4,1513,50.8802,4.7082,50.8365,4.6382,Actividad por la tarde,ebikeride,
20260524-1012-other-18630944518.gpx,18630944518,other,2026-05-24 10:12,17.2,1029,50.8361,4.6393,50.8577,4.698,Actividad por la mañana,ebikeride,
20260523-2357-work2home-18630944261.gpx,18630944261,work2home,2026-05-23 23:57,614.5,1360,50.8637,4.6869,50.8365,4.6383,Actividad nocturna,ebikeride,B
20260523-1638-home2work-18622775047.gpx,18622775047,home2work,2026-05-23 16:38,14.7,872,50.8365,4.6382,50.8637,4.6868,Actividad por la tarde,ebikeride,main
20260522-2314-work2home-18613249865.gpx,18613249865,work2home,2026-05-22 23:14,14.6,878,50.8621,4.6869,50.8365,4.6382,Actividad nocturna,ebikeride,B
20260522-1221-home2work-18606402236.gpx,18606402236,home2work,2026-05-22 12:21,15.3,911,50.8365,4.6383,50.8633,4.6879,Actividad a la hora del almuerzo,ebikeride,main
20260521-2131-other-18600085222.gpx,18600085222,other,2026-05-21 21:31,12.1,658,50.8599,4.6769,50.8365,4.6382,Actividad nocturna,ebikeride,
20260521-1056-home2work-18592312786.gpx,18592312786,home2work,2026-05-21 10:56,15.1,671,50.8365,4.6382,50.8637,4.687,Actividad por la mañana,ebikeride,main
20260520-2317-work2home-18587698478.gpx,18587698478,work2home,2026-05-20 23:17,15.4,923,50.8636,4.6869,50.8365,4.6382,Actividad nocturna,ebikeride,B
20260520-1534-home2work-18581983289.gpx,18581983289,home2work,2026-05-20 15:34,15.1,897,50.8365,4.6383,50.8636,4.6869,Actividad por la tarde,ebikeride,main
20260519-1924-work2home-18571285870.gpx,18571285870,work2home,2026-05-19 19:24,15.7,943,50.8637,4.6871,50.8365,4.6382,Actividad vespertina,ebikeride,B
20260519-0948-home2work-18564554474.gpx,18564554474,home2work,2026-05-19 09:48,15.6,933,50.8365,4.6383,50.8637,4.687,Actividad por la mañana,ebikeride,main
20260518-2018-work2home-18558567720.gpx,18558567720,work2home,2026-05-18 20:18,16.0,950,50.8635,4.6882,50.8365,4.6382,Actividad vespertina,ebikeride,A
20260518-0945-home2work-18551622838.gpx,18551622838,home2work,2026-05-18 09:45,15.7,936,50.8364,4.6384,50.8634,4.6882,Actividad por la mañana,ebikeride,main
20260517-2050-other-18547588142.gpx,18547588142,other,2026-05-17 20:50,24.6,1473,50.8812,4.715,50.8365,4.6382,Actividad vespertina,ebikeride,
20260517-1148-other-18540109242.gpx,18540109242,other,2026-05-17 11:48,24.4,1455,50.8365,4.6383,50.8815,4.7149,Actividad a la hora del almuerzo,ebikeride,
20260516-2301-work2home-18534713513.gpx,18534713513,work2home,2026-05-16 23:01,17.3,1035,50.8634,4.6882,50.8365,4.6382,Actividad nocturna,ebikeride,B
20260516-1750-other-18531834892.gpx,18531834892,other,2026-05-16 17:50,17.8,1066,50.8364,4.6385,50.8707,4.6921,Actividad por la tarde,ebikeride,
20260515-1756-other-18518674193.gpx,18518674193,other,2026-05-15 17:56,19.2,1151,50.8707,4.6921,50.8365,4.6382,Actividad por la tarde,ebikeride,
20260515-0929-home2work-18513325350.gpx,18513325350,home2work,2026-05-15 09:29,15.1,908,50.8365,4.6382,50.8633,4.6879,Actividad por la mañana,ebikeride,main
20260513-1959-other-18494252252.gpx,18494252252,other,2026-05-13 19:59,18.2,1092,50.869,4.6969,50.8365,4.6382,Actividad vespertina,ebikeride,
20260513-1018-home2work-18487681925.gpx,18487681925,home2work,2026-05-13 10:18,15.1,907,50.8365,4.6383,50.8633,4.6878,Actividad por la mañana,ebikeride,main
20260512-2235-work2home-18482718570.gpx,18482718570,work2home,2026-05-12 22:35,15.7,945,50.8634,4.6881,50.8365,4.6382,Actividad nocturna,ebikeride,B
20260512-1318-home2work-18475679409.gpx,18475679409,home2work,2026-05-12 13:18,15.8,944,50.8365,4.6383,50.8634,4.6882,Actividad por la tarde,ebikeride,main
20260512-0218-work2home-18470959015.gpx,18470959015,work2home,2026-05-12 02:18,16.3,979,50.8635,4.6868,50.8365,4.6382,Actividad nocturna,ebikeride,B
20260511-2019-home2work-18467449876.gpx,18467449876,home2work,2026-05-11 20:19,14.8,888,50.8364,4.6383,50.8637,4.6867,Actividad vespertina,ebikeride,main
20260511-1533-other-18464136119.gpx,18464136119,other,2026-05-11 15:33,33.0,1978,50.8221,4.5052,50.8365,4.6382,Actividad por la tarde,ebikeride,
20260511-1333-other-18462920016.gpx,18462920016,other,2026-05-11 13:33,33.1,1988,50.8378,4.639,50.8221,4.5056,Actividad por la tarde,ebikeride,
20260510-2240-work2home-18457464253.gpx,18457464253,work2home,2026-05-10 22:40,15.9,956,50.8636,4.687,50.8365,4.6382,Actividad nocturna,ebikeride,B
20260510-2113-other-18457033657.gpx,18457033657,other,2026-05-10 21:13,40.1,2405,50.8236,4.506,50.8637,4.687,Actividad nocturna,ebikeride,
20260509-1722-other-18441007094.gpx,18441007094,other,2026-05-09 17:22,33.1,1985,50.8366,4.6383,50.822,4.5051,Actividad por la tarde,ebikeride,
20260509-1658-work2home-18440392749.gpx,18440392749,work2home,2026-05-09 16:58,15.1,907,50.8635,4.6868,50.8365,4.6382,Actividad por la tarde,ebikeride,A
20260509-1218-home2work-18436286963.gpx,18436286963,home2work,2026-05-09 12:18,15.0,898,50.8365,4.6383,50.8637,4.687,Actividad a la hora del almuerzo,ebikeride,main
20260508-2339-work2home-18430512300.gpx,18430512300,work2home,2026-05-08 23:39,15.3,919,50.8635,4.687,50.8365,4.6382,Actividad nocturna,ebikeride,B
20260508-2148-home2work-18429723739.gpx,18429723739,home2work,2026-05-08 21:48,15.1,903,50.8365,4.6383,50.8637,4.6867,Actividad nocturna,ebikeride,offroute
20260507-2000-work2home-18415859573.gpx,18415859573,work2home,2026-05-07 20:00,14.7,883,50.8634,4.688,50.8365,4.6383,Actividad vespertina,ebikeride,A
20260507-0857-home2work-18408618911.gpx,18408618911,home2work,2026-05-07 08:57,14.9,886,50.8365,4.6382,50.8634,4.6879,Actividad por la mañana,ebikeride,main
20260506-1434-other-18398544571.gpx,18398544571,other,2026-05-06 14:34,5.8,348,50.8758,4.7003,50.8635,4.6882,Actividad por la tarde,ebikeride,
20260506-1416-other-18398331386.gpx,18398331386,other,2026-05-06 14:16,5.8,350,50.8632,4.6882,50.8759,4.7005,Actividad por la tarde,ebikeride,
20260506-0900-home2work-18395393521.gpx,18395393521,home2work,2026-05-06 09:00,16.2,974,50.8365,4.6382,50.8633,4.6878,Actividad por la mañana,ebikeride,main
20260505-1920-other-18388708666.gpx,18388708666,other,2026-05-05 19:20,27.6,1650,50.8807,4.7185,50.8365,4.6382,Actividad vespertina,ebikeride,
20260505-1809-other-18387354207.gpx,18387354207,other,2026-05-05 18:09,10.4,618,50.8635,4.6881,50.8812,4.7179,Actividad vespertina,ebikeride,
20260505-0848-home2work-18381507161.gpx,18381507161,home2work,2026-05-05 08:48,15.1,894,50.8365,4.6383,50.8633,4.6878,Actividad por la mañana,ebikeride,main
20260504-2041-work2home-18376020966.gpx,18376020966,work2home,2026-05-04 20:41,15.4,923,50.8634,4.6854,50.8365,4.6382,Actividad vespertina,ebikeride,offroute
20260504-0759-home2work-18367921744.gpx,18367921744,home2work,2026-05-04 07:59,15.0,892,50.8368,4.6381,50.8633,4.6879,Actividad por la mañana,ebikeride,main
20260503-2103-other-18364492000.gpx,18364492000,other,2026-05-03 21:03,28.9,1676,50.8816,4.7146,50.8365,4.6382,Actividad nocturna,ebikeride,
20260503-1820-other-18363013386.gpx,18363013386,other,2026-05-03 18:20,51.4,3084,50.8227,4.508,50.8806,4.7181,Actividad vespertina,ebikeride,
20260503-0927-other-18355192946.gpx,18355192946,other,2026-05-03 09:27,41.0,2460,50.8636,4.6869,50.8221,4.5055,Actividad por la mañana,ebikeride,
20260503-0848-home2work-18354682772.gpx,18354682772,home2work,2026-05-03 08:48,14.6,869,50.8365,4.6383,50.8637,4.6868,Actividad por la mañana,ebikeride,main
20260502-0117-work2home-18339190467.gpx,18339190467,work2home,2026-05-02 01:17,15.7,944,50.8636,4.6871,50.8365,4.6382,Actividad nocturna,ebikeride,B
20260501-2049-other-18337065601.gpx,18337065601,other,2026-05-01 20:49,10.3,619,50.8812,4.7151,50.8637,4.687,Actividad vespertina,ebikeride,
20260501-1518-other-18332984300.gpx,18332984300,other,2026-05-01 15:18,17.9,1077,50.8364,4.6385,50.8661,4.696,Actividad por la tarde,ebikeride,
20260430-1822-work2home-18321329129.gpx,18321329129,work2home,2026-04-30 18:22,16.0,873,50.8634,4.6871,50.8365,4.6382,Actividad vespertina,ebikeride,A
20260430-1208-home2work-18317063653.gpx,18317063653,home2work,2026-04-30 12:08,15.7,939,50.8365,4.6383,50.8633,4.6878,Actividad a la hora del almuerzo,ebikeride,main
20260429-2314-work2home-18311789353.gpx,18311789353,work2home,2026-04-29 23:14,15.2,914,50.8625,4.6874,50.8365,4.6383,Actividad nocturna,ebikeride,B
20260429-0927-home2work-18302489237.gpx,18302489237,home2work,2026-04-29 09:27,15.1,906,50.8365,4.6382,50.8632,4.6877,Actividad por la mañana,ebikeride,main
20260428-2037-other-18296681909.gpx,18296681909,other,2026-04-28 20:37,26.4,1585,50.8806,4.7184,50.8365,4.6382,Actividad vespertina,ebikeride,
20260428-1802-other-18294098484.gpx,18294098484,other,2026-04-28 18:02,19.9,745,50.8635,4.6881,50.8807,4.718,Actividad vespertina,ebikeride,
20260428-1428-home2work-18291562285.gpx,18291562285,home2work,2026-04-28 14:28,16.0,951,50.8365,4.6383,50.8632,4.6877,Actividad por la tarde,ebikeride,main
20260427-2022-work2home-18282398321.gpx,18282398321,work2home,2026-04-27 20:22,15.8,950,50.8634,4.6881,50.8366,4.6382,Actividad vespertina,ebikeride,A
20260427-0916-home2work-18275015204.gpx,18275015204,home2work,2026-04-27 09:16,15.2,906,50.8365,4.6382,50.8632,4.6878,Actividad por la mañana,ebikeride,main
20260426-1215-other-18264002184.gpx,18264002184,other,2026-04-26 12:15,47.2,1967,50.8585,4.6958,50.8365,4.6382,Actividad a la hora del almuerzo,ebikeride,
20260426-1012-other-18263099459.gpx,18263099459,other,2026-04-26 10:12,122.1,1724,50.8361,4.6396,50.8584,4.6959,Actividad por la mañana,ebikeride,
20260425-2300-work2home-18257461767.gpx,18257461767,work2home,2026-04-25 23:00,17.3,990,50.8636,4.6869,50.8365,4.6382,Actividad nocturna,ebikeride,B
20260425-2052-other-18256500383.gpx,18256500383,other,2026-04-25 20:52,13.1,743,50.8384,4.6433,50.8637,4.687,Actividad vespertina,ebikeride,
20260425-1857-other-18255559460.gpx,18255559460,other,2026-04-25 18:57,31.5,1447,50.8221,4.5052,50.8366,4.6382,Actividad vespertina,ebikeride,
20260425-0933-other-18254417332.gpx,18254417332,other,2026-04-25 09:33,39.7,1974,50.8366,4.6382,50.8239,4.5077,Actividad por la mañana,ebikeride,
20260424-1937-work2home-18241985832.gpx,18241985832,work2home,2026-04-24 19:37,14.4,867,50.8637,4.687,50.8365,4.6382,Actividad vespertina,ebikeride,A
20260424-0916-home2work-18235451892.gpx,18235451892,home2work,2026-04-24 09:16,14.8,883,50.8365,4.6383,50.8637,4.687,Actividad por la mañana,ebikeride,main
20260424-0005-work2home-18231929491.gpx,18231929491,work2home,2026-04-24 00:05,16.1,964,50.8636,4.6868,50.8365,4.6382,Actividad nocturna,ebikeride,B
20260423-2104-home2work-18230310818.gpx,18230310818,home2work,2026-04-23 21:04,14.9,896,50.8365,4.6383,50.8637,4.687,Actividad nocturna,ebikeride,main
20260423-1616-work2home-18226378045.gpx,18226378045,work2home,2026-04-23 16:16,16.3,972,50.8633,4.6883,50.8365,4.6382,Actividad por la tarde,ebikeride,A
20260423-0917-other-18221986590.gpx,18221986590,other,2026-04-23 09:17,12.9,769,50.8392,4.6443,50.8633,4.6878,Actividad por la mañana,ebikeride,
20260422-1816-other-18221887846.gpx,18221887846,other,2026-04-22 18:16,17.6,1048,50.8685,4.6976,50.8365,4.6382,Actividad vespertina,ebikeride,
20260422-0854-home2work-18208007128.gpx,18208007128,home2work,2026-04-22 08:54,15.7,935,50.8364,4.6388,50.8635,4.6881,Actividad por la mañana,ebikeride,main
20260421-2205-work2home-18203360667.gpx,18203360667,work2home,2026-04-21 22:05,19.0,1134,50.8636,4.6869,50.8366,4.6382,Actividad nocturna,ebikeride,offroute
20260421-2015-other-18201841044.gpx,18201841044,other,2026-04-21 20:15,6.0,361,50.8751,4.7032,50.8637,4.6869,Actividad vespertina,ebikeride,
20260421-1757-other-18199837310.gpx,18199837310,other,2026-04-21 17:57,24.4,1451,50.8365,4.6383,50.8772,4.7039,Actividad por la tarde,ebikeride,
20260417-1018-other-18141943545.gpx,18141943545,other,2026-04-17 10:18,18.1,1081,50.8689,4.6967,50.8365,4.6382,Actividad por la mañana,ebikeride,
20260417-0900-home2work-18141432550.gpx,18141432550,home2work,2026-04-17 09:00,14.9,884,50.8365,4.6383,50.8634,4.6879,Actividad por la mañana,ebikeride,main
20260416-1844-other-18134410174.gpx,18134410174,other,2026-04-16 18:44,14.0,784,50.8622,4.6824,50.8365,4.6382,Actividad vespertina,ebikeride,
20260416-0850-home2work-18128274043.gpx,18128274043,home2work,2026-04-16 08:50,44.0,1804,50.8366,4.6383,50.8634,4.6882,Actividad por la mañana,ebikeride,offroute
20260415-2144-other-18127349045.gpx,18127349045,other,2026-04-15 21:44,151.7,3592,50.8793,4.7029,50.8365,4.6382,Actividad nocturna,ebikeride,
20260415-0832-home2work-18114833303.gpx,18114833303,home2work,2026-04-15 08:32,62.9,2403,50.8365,4.6382,50.8637,4.6885,Actividad por la mañana,ebikeride,offroute
20260414-1604-work2home-18114423397.gpx,18114423397,work2home,2026-04-14 16:04,987.7,1559,50.8633,4.6883,50.8365,4.6382,Actividad por la tarde,ebikeride,B
20260414-0847-home2work-18100665582.gpx,18100665582,home2work,2026-04-14 08:47,15.2,907,50.8365,4.6383,50.8634,4.6882,Actividad por la mañana,ebikeride,main
20260413-1647-work2home-18092213095.gpx,18092213095,work2home,2026-04-13 16:47,16.8,956,50.8634,4.6881,50.8364,4.6383,Actividad por la tarde,ebikeride,A
20260413-0927-other-18088223520.gpx,18088223520,other,2026-04-13 09:27,41.8,2136,50.8235,4.5062,50.8631,4.6876,Actividad por la mañana,ebikeride,
20260410-1756-other-18055742915.gpx,18055742915,other,2026-04-10 17:56,42.8,2567,50.8634,4.688,50.8222,4.5059,Actividad por la tarde,ebikeride,
20260410-0825-other-18050194532.gpx,18050194532,other,2026-04-10 08:25,43.3,2599,50.822,4.5052,50.8629,4.6873,Actividad por la mañana,ebikeride,
20260409-1802-other-18043195459.gpx,18043195459,other,2026-04-09 18:02,43.2,2593,50.8636,4.6864,50.8221,4.5054,Actividad vespertina,ebikeride,
20260409-0821-other-18037073885.gpx,18037073885,other,2026-04-09 08:21,41.8,2494,50.8221,4.5052,50.8633,4.6873,Actividad por la mañana,ebikeride,
20260408-1816-other-18029799124.gpx,18029799124,other,2026-04-08 18:16,43.3,2596,50.8632,4.6873,50.8221,4.5051,Actividad vespertina,ebikeride,
20260408-0821-other-18023037184.gpx,18023037184,other,2026-04-08 08:21,43.9,2562,50.8222,4.5059,50.8633,4.6878,Actividad por la mañana,ebikeride,
20260403-1754-other-17964781876.gpx,17964781876,other,2026-04-03 17:54,43.5,2265,50.8634,4.6882,50.822,4.5051,Actividad por la tarde,ebikeride,
20260403-0845-other-17958329515.gpx,17958329515,other,2026-04-03 08:45,42.0,2511,50.822,4.5052,50.8633,4.6878,Actividad por la mañana,ebikeride,
20260402-2009-other-17953723783.gpx,17953723783,other,2026-04-02 20:09,48.1,2886,50.8633,4.688,50.8222,4.5056,Actividad vespertina,ebikeride,
20260402-1039-other-17947207831.gpx,17947207831,other,2026-04-02 10:39,40.8,2447,50.822,4.5051,50.8632,4.6877,Actividad por la mañana,ebikeride,
20260331-1418-other-17924635829.gpx,17924635829,other,2026-03-31 14:18,44.3,2659,50.8634,4.6881,50.8223,4.5062,Actividad por la tarde,ebikeride,
20260331-0807-other-17921133717.gpx,17921133717,other,2026-03-31 08:07,41.6,2497,50.8221,4.5052,50.8632,4.6878,Actividad por la mañana,ebikeride,
20260330-1851-other-17915016637.gpx,17915016637,other,2026-03-30 18:51,45.0,2697,50.8635,4.6882,50.822,4.5051,Actividad vespertina,ebikeride,
20260330-0912-other-17914385645.gpx,17914385645,other,2026-03-30 09:12,579.4,4184,50.822,4.5052,50.8635,4.6882,Actividad por la mañana,ebikeride,
20260327-1842-other-17879781090.gpx,17879781090,other,2026-03-27 18:42,48.9,1067,50.8636,4.687,50.8221,4.5051,Actividad vespertina,ebikeride,
20260327-0847-other-17874120492.gpx,17874120492,other,2026-03-27 08:47,43.4,2605,50.822,4.5052,50.8633,4.6879,Actividad por la mañana,ebikeride,
20260326-1918-other-17868848768.gpx,17868848768,other,2026-03-26 19:18,46.1,2764,50.8634,4.6882,50.822,4.5051,Actividad vespertina,ebikeride,
20260326-0836-other-17862428061.gpx,17862428061,other,2026-03-26 08:36,45.0,1484,50.822,4.5052,50.8633,4.6878,Actividad por la mañana,ebikeride,
20260325-1747-other-17855816600.gpx,17855816600,other,2026-03-25 17:47,47.6,1575,50.8631,4.6873,50.8221,4.5056,Actividad por la tarde,ebikeride,
20260325-0904-other-17850472816.gpx,17850472816,other,2026-03-25 09:04,40.6,2438,50.8221,4.5052,50.8634,4.6882,Actividad por la mañana,ebikeride,
20260324-1901-other-17844221098.gpx,17844221098,other,2026-03-24 19:01,48.6,2046,50.863,4.6838,50.8221,4.5051,Actividad vespertina,ebikeride,
20260324-0824-other-17837041202.gpx,17837041202,other,2026-03-24 08:24,43.0,2578,50.8221,4.5053,50.8633,4.6878,Actividad por la mañana,ebikeride,
20260320-1942-other-17794813321.gpx,17794813321,other,2026-03-20 19:42,45.4,2723,50.8634,4.6881,50.8221,4.5051,Actividad vespertina,ebikeride,
20260319-1933-other-17783093315.gpx,17783093315,other,2026-03-19 19:33,44.8,520,50.8634,4.6883,50.8221,4.5054,Actividad vespertina,ebikeride,
20260319-1004-other-17776586854.gpx,17776586854,other,2026-03-19 10:04,43.1,2584,50.8221,4.5052,50.8632,4.6877,Actividad por la mañana,ebikeride,
20260317-2050-other-17759159725.gpx,17759159725,other,2026-03-17 20:50,44.0,2637,50.8636,4.6869,50.8222,4.5055,Actividad vespertina,ebikeride,
20260317-1041-other-17751842463.gpx,17751842463,other,2026-03-17 10:41,40.8,2416,50.8221,4.5052,50.8633,4.6878,Actividad por la mañana,ebikeride,
20260316-1906-other-17745407113.gpx,17745407113,other,2026-03-16 19:06,44.3,235,50.8634,4.6879,50.8222,4.5057,Actividad vespertina,ebikeride,
20260316-0918-other-17739613583.gpx,17739613583,other,2026-03-16 09:18,42.0,2519,50.8221,4.5052,50.8632,4.6878,Actividad por la mañana,ebikeride,
20260312-2122-other-17701610492.gpx,17701610492,other,2026-03-12 21:22,48.5,2905,50.8636,4.6869,50.8221,4.5051,Actividad nocturna,ebikeride,
20260312-0856-other-17694077543.gpx,17694077543,other,2026-03-12 08:56,42.6,2558,50.8221,4.5052,50.8634,4.688,Actividad por la mañana,ebikeride,
20260310-1926-other-17676379550.gpx,17676379550,other,2026-03-10 19:26,43.0,2579,50.8635,4.686,50.822,4.5051,Actividad vespertina,ebikeride,
20260310-0821-other-17669132927.gpx,17669132927,other,2026-03-10 08:21,45.1,2708,50.822,4.5052,50.8633,4.6878,Actividad por la mañana,ebikeride,
20260309-1848-other-17663077806.gpx,17663077806,other,2026-03-09 18:48,44.8,2691,50.8634,4.6872,50.822,4.5051,Carrera vespertina,ebikeride,
20260309-0838-other-17656946753.gpx,17656946753,other,2026-03-09 08:38,43.9,2633,50.8221,4.5052,50.8632,4.6878,Carrera por la mañana,ebikeride,
20260308-1834-other-17652421361.gpx,17652421361,other,2026-03-08 18:34,37.8,1906,50.8221,4.5051,50.8223,4.505,Carrera vespertina,running,
20260306-1931-other-17627902302.gpx,17627902302,other,2026-03-06 19:31,44.6,1357,50.8637,4.6866,50.822,4.5051,Actividad vespertina,ebikeride,
20260306-0810-other-17621628873.gpx,17621628873,other,2026-03-06 08:10,43.1,2588,50.822,4.5051,50.8633,4.6879,Actividad por la mañana,ebikeride,
20260305-1825-other-17616069089.gpx,17616069089,other,2026-03-05 18:25,44.2,2651,50.8634,4.6883,50.8221,4.5055,Actividad vespertina,ebikeride,
20260305-0811-other-17609939181.gpx,17609939181,other,2026-03-05 08:11,42.9,2575,50.822,4.5052,50.8633,4.6878,Actividad por la mañana,ebikeride,
20260304-1851-other-17604301979.gpx,17604301979,other,2026-03-04 18:51,44.7,1630,50.8636,4.6869,50.822,4.5051,Evening Activity,ebikeride,
20260304-0817-other-17597432789.gpx,17597432789,other,2026-03-04 08:17,43.2,2594,50.822,4.5052,50.8632,4.6877,Actividad por la mañana,ebikeride,
20260303-1841-other-17591555113.gpx,17591555113,other,2026-03-03 18:41,53.9,1378,50.8634,4.6882,50.8221,4.5057,Actividad vespertina,ebikeride,
20260303-0850-other-17584903994.gpx,17584903994,other,2026-03-03 08:50,43.3,1074,50.822,4.5052,50.8633,4.6879,Actividad por la mañana,ebikeride,
20260302-1820-other-17578598180.gpx,17578598180,other,2026-03-02 18:20,43.6,2619,50.8633,4.6881,50.822,4.5051,Actividad vespertina,ebikeride,
20260302-0853-other-17573107245.gpx,17573107245,other,2026-03-02 08:53,42.2,2532,50.822,4.5051,50.8633,4.6878,Actividad por la mañana,ebikeride,
20260228-1827-other-17556207946.gpx,17556207946,other,2026-02-28 18:27,46.7,2799,50.8634,4.6869,50.822,4.5051,Actividad vespertina,ebikeride,
20260228-0718-other-17548540421.gpx,17548540421,other,2026-02-28 07:18,41.2,717,50.8221,4.5052,50.8631,4.6877,Actividad por la mañana,ebikeride,
20260227-1913-other-17544517584.gpx,17544517584,other,2026-02-27 19:13,46.1,2766,50.8635,4.6885,50.8221,4.5056,Actividad vespertina,ebikeride,
20260227-0850-other-17538614846.gpx,17538614846,other,2026-02-27 08:50,41.8,2511,50.822,4.5052,50.8632,4.6877,Actividad por la mañana,ebikeride,
20260226-2053-other-17534539459.gpx,17534539459,other,2026-02-26 20:53,42.4,585,50.8635,4.6859,50.8221,4.5052,Actividad vespertina,ebikeride,
20260226-0644-other-17526486724.gpx,17526486724,other,2026-02-26 06:44,41.9,2517,50.8221,4.5051,50.8632,4.6877,Actividad por la mañana,ebikeride,
20260225-1844-other-17521477721.gpx,17521477721,other,2026-02-25 18:44,43.3,2598,50.8633,4.6881,50.8221,4.5056,Actividad vespertina,ebikeride,
20260225-0801-other-17514711159.gpx,17514711159,other,2026-02-25 08:01,43.0,2582,50.8221,4.5052,50.8633,4.6879,Actividad por la mañana,ebikeride,
20260224-1907-other-17509251008.gpx,17509251008,other,2026-02-24 19:07,41.5,2492,50.8631,4.6875,50.8221,4.5054,Actividad vespertina,ebikeride,
20260224-1246-other-17504875436.gpx,17504875436,other,2026-02-24 12:46,40.0,2401,50.8223,4.506,50.8633,4.6879,Actividad a la hora del almuerzo,ebikeride,
20260223-1906-other-17497371905.gpx,17497371905,other,2026-02-23 19:06,49.3,2956,50.8632,4.6882,50.8221,4.5055,Actividad vespertina,ebikeride,
20260223-0910-other-17491609304.gpx,17491609304,other,2026-02-23 09:10,41.4,1226,50.8223,4.5063,50.8634,4.688,Actividad por la mañana,ebikeride,
20260220-1840-other-17463836136.gpx,17463836136,other,2026-02-20 18:40,49.5,2968,50.8635,4.6865,50.8221,4.5056,Actividad vespertina,ebikeride,
20260220-1343-other-17460949939.gpx,17460949939,other,2026-02-20 13:43,40.7,2445,50.822,4.5052,50.8632,4.6877,Actividad por la tarde,ebikeride,
20260219-2328-other-17455645272.gpx,17455645272,other,2026-02-19 23:28,43.0,2583,50.8633,4.6879,50.8221,4.5055,Actividad nocturna,ebikeride,
20260219-1126-other-17448797902.gpx,17448797902,other,2026-02-19 11:26,44.3,2656,50.8221,4.5053,50.8631,4.6876,Actividad a la hora del almuerzo,ebikeride,
20260218-1925-other-17442652103.gpx,17442652103,other,2026-02-18 19:25,47.5,2851,50.8633,4.6879,50.8222,4.5057,Actividad vespertina,ebikeride,
20260218-1029-other-17437155135.gpx,17437155135,other,2026-02-18 10:29,46.2,2661,50.822,4.5052,50.8633,4.6879,Actividad por la mañana,ebikeride,
20260217-2314-other-17433224530.gpx,17433224530,other,2026-02-17 23:14,29.1,1743,50.8528,4.6025,50.822,4.5051,Actividad nocturna,ebikeride,
20260217-0742-other-17424199150.gpx,17424199150,other,2026-02-17 07:42,46.4,2777,50.822,4.505,50.8634,4.6882,Actividad por la mañana,ebikeride,
20260216-1827-other-17419072046.gpx,17419072046,other,2026-02-16 18:27,83.5,3577,50.8632,4.6883,50.822,4.5051,Actividad vespertina,ebikeride,
20260216-0944-other-17413716867.gpx,17413716867,other,2026-02-16 09:44,40.6,2438,50.8221,4.5052,50.8634,4.6882,Actividad por la mañana,ebikeride,
20260212-2150-other-17378053144.gpx,17378053144,other,2026-02-12 21:50,53.9,2935,50.8636,4.6881,50.8221,4.5052,Actividad nocturna,ebikeride,
20260212-1230-other-17372689090.gpx,17372689090,other,2026-02-12 12:30,43.5,2610,50.822,4.5052,50.8634,4.6881,Actividad a la hora del almuerzo,ebikeride,
20260211-1842-other-17365245525.gpx,17365245525,other,2026-02-11 18:42,44.9,2691,50.8635,4.688,50.8221,4.5051,Actividad vespertina,ebikeride,
20260211-1116-other-17360804338.gpx,17360804338,other,2026-02-11 11:16,41.2,2462,50.822,4.5052,50.8633,4.6879,Actividad a la hora del almuerzo,ebikeride,
20260210-2007-other-17354748494.gpx,17354748494,other,2026-02-10 20:07,45.6,2732,50.8635,4.688,50.8222,4.5055,Actividad vespertina,ebikeride,
20260210-0833-other-17347758025.gpx,17347758025,other,2026-02-10 08:33,42.6,2552,50.8228,4.5084,50.8634,4.6881,Actividad por la mañana,ebikeride,
20260209-1817-other-17341830295.gpx,17341830295,other,2026-02-09 18:17,59.2,3416,50.8628,4.688,50.8221,4.5051,Actividad vespertina,ebikeride,
20260209-0815-other-17336380450.gpx,17336380450,other,2026-02-09 08:15,41.7,2501,50.8221,4.5052,50.8633,4.6879,Actividad por la mañana,ebikeride,
20260206-1859-other-17308881254.gpx,17308881254,other,2026-02-06 18:59,49.0,2933,50.8635,4.688,50.8222,4.5057,Actividad vespertina,ebikeride,
20260206-0817-other-17303381323.gpx,17303381323,other,2026-02-06 08:17,43.2,2589,50.822,4.5051,50.8636,4.687,Actividad por la mañana,ebikeride,
20260205-1759-other-17297515980.gpx,17297515980,other,2026-02-05 17:59,43.0,2570,50.8634,4.6873,50.8222,4.5056,Actividad por la tarde,ebikeride,
20260205-1056-other-17293510077.gpx,17293510077,other,2026-02-05 10:56,43.2,2590,50.8221,4.5052,50.8633,4.6879,Actividad por la mañana,ebikeride,
20260204-1840-other-17286717588.gpx,17286717588,other,2026-02-04 18:40,41.9,2509,50.8636,4.687,50.8222,4.5055,Actividad vespertina,ebikeride,
20260204-0758-other-17280551836.gpx,17280551836,other,2026-02-04 07:58,43.0,2580,50.8226,4.5076,50.8631,4.6876,Actividad por la mañana,ebikeride,
20260203-1824-other-17274495534.gpx,17274495534,other,2026-02-03 18:24,41.9,2510,50.8634,4.6881,50.8221,4.5051,Actividad vespertina,ebikeride,
20260203-0923-other-17269191079.gpx,17269191079,other,2026-02-03 09:23,45.7,2724,50.822,4.5051,50.8631,4.6876,Actividad por la mañana,ebikeride,
20260130-1910-other-17230149657.gpx,17230149657,other,2026-01-30 19:10,42.9,2565,50.8635,4.6871,50.8221,4.5053,Actividad vespertina,ebikeride,
20260130-0903-other-17224924419.gpx,17224924419,other,2026-01-30 09:03,42.4,2541,50.8231,4.5082,50.8632,4.6878,Actividad por la mañana,ebikeride,
20260129-1904-other-17219712589.gpx,17219712589,other,2026-01-29 19:04,44.5,2667,50.8633,4.6879,50.822,4.5051,Actividad vespertina,ebikeride,
20260129-0907-other-17214167709.gpx,17214167709,other,2026-01-29 09:07,45.7,2742,50.822,4.5051,50.8633,4.6879,Actividad por la mañana,ebikeride,
20260128-1928-other-17208781112.gpx,17208781112,other,2026-01-28 19:28,32.2,1934,50.8628,4.6289,50.8221,4.5053,Actividad vespertina,ebikeride,
20260128-0924-other-17202870178.gpx,17202870178,other,2026-01-28 09:24,44.3,2657,50.8221,4.5051,50.8635,4.6882,Actividad por la mañana,ebikeride,
20260127-1903-other-17196857396.gpx,17196857396,other,2026-01-27 19:03,45.9,2736,50.8634,4.6882,50.8222,4.5054,Actividad vespertina,ebikeride,
20260125-1133-other-17177591555.gpx,17177591555,other,2026-01-25 11:33,45.6,2254,50.8221,4.5052,50.8619,4.6739,Actividad a la hora del almuerzo,ebikeride,
20260123-1820-other-17152226132.gpx,17152226132,other,2026-01-23 18:20,45.6,2735,50.8637,4.687,50.822,4.5051,Actividad vespertina,ebikeride,
20260123-0842-other-17147185099.gpx,17147185099,other,2026-01-23 08:42,49.0,2562,50.822,4.5051,50.8632,4.6877,Actividad por la mañana,ebikeride,
20260122-1858-other-17141773472.gpx,17141773472,other,2026-01-22 18:58,42.2,2531,50.8637,4.6864,50.8222,4.5057,Actividad vespertina,ebikeride,
20260122-0815-other-17135864742.gpx,17135864742,other,2026-01-22 08:15,41.9,2513,50.8221,4.5052,50.8633,4.6879,Actividad por la mañana,ebikeride,
20260121-1824-other-17130083081.gpx,17130083081,other,2026-01-21 18:24,44.7,2680,50.8636,4.6883,50.8221,4.5054,Actividad vespertina,ebikeride,
20260121-0821-other-17124392220.gpx,17124392220,other,2026-01-21 08:21,42.9,2571,50.822,4.5052,50.8633,4.6878,Actividad por la mañana,ebikeride,
20260120-1741-other-17117717821.gpx,17117717821,other,2026-01-20 17:41,46.0,2654,50.8634,4.6882,50.8221,4.5051,Actividad por la tarde,ebikeride,
20260120-0843-other-17112465912.gpx,17112465912,other,2026-01-20 08:43,42.9,2570,50.8221,4.5052,50.8632,4.6878,Actividad por la mañana,ebikeride,
20260119-1721-other-17105382685.gpx,17105382685,other,2026-01-19 17:21,39.7,2380,50.8624,4.6719,50.822,4.5051,Actividad por la tarde,ebikeride,
20260119-1648-other-17104823852.gpx,17104823852,other,2026-01-19 16:48,4.8,288,50.8635,4.6882,50.8617,4.6709,Actividad por la tarde,ebikeride,
20260119-0840-other-17100875261.gpx,17100875261,other,2026-01-19 08:40,45.5,2727,50.8221,4.5053,50.8633,4.6879,Actividad por la mañana,ebikeride,
20260116-1440-other-17070030018.gpx,17070030018,other,2026-01-16 14:40,40.9,2452,50.8641,4.6792,50.8222,4.5055,Actividad por la tarde,ebikeride,
20260116-0847-other-17066951903.gpx,17066951903,other,2026-01-16 08:47,45.3,2717,50.8222,4.5055,50.8632,4.6878,Actividad por la mañana,ebikeride,
20260115-1846-other-17061261369.gpx,17061261369,other,2026-01-15 18:46,45.5,2719,50.8635,4.6881,50.822,4.5051,Actividad vespertina,ebikeride,
20260115-0937-other-17055987857.gpx,17055987857,other,2026-01-15 09:37,41.8,2510,50.8225,4.5068,50.8632,4.6878,Actividad por la mañana,ebikeride,
20260114-1831-other-17049691531.gpx,17049691531,other,2026-01-14 18:31,44.9,2692,50.8633,4.6882,50.8221,4.5056,Actividad vespertina,ebikeride,
20260114-1012-other-17044490380.gpx,17044490380,other,2026-01-14 10:12,44.0,2637,50.8221,4.5052,50.8632,4.6878,Actividad por la mañana,ebikeride,
20260113-1826-other-17037306154.gpx,17037306154,other,2026-01-13 18:26,42.9,2570,50.8634,4.6883,50.822,4.5052,Actividad vespertina,ebikeride,
20260113-0940-other-17031962986.gpx,17031962986,other,2026-01-13 09:40,40.7,2444,50.822,4.5052,50.8632,4.6877,Actividad por la mañana,ebikeride,
20260112-1904-other-17025770395.gpx,17025770395,other,2026-01-12 19:04,49.0,2937,50.8634,4.6882,50.8221,4.5051,Actividad vespertina,ebikeride,
20260112-0928-other-17020278377.gpx,17020278377,other,2026-01-12 09:28,42.5,2523,50.8221,4.5052,50.8632,4.6878,Actividad por la mañana,ebikeride,
20260109-1917-other-16992618621.gpx,16992618621,other,2026-01-09 19:17,49.7,2975,50.8634,4.688,50.8221,4.505,H3l op Aarde 💨💦❄️,ebikeride,
20260109-1340-other-16989574284.gpx,16989574284,other,2026-01-09 13:40,41.5,2463,50.8221,4.5052,50.8631,4.6876,Actividad por la tarde,ebikeride,
20260108-1928-other-16982340640.gpx,16982340640,other,2026-01-08 19:28,46.2,2732,50.8633,4.6879,50.822,4.5051,Actividad vespertina,ebikeride,
20260108-1323-other-16978844166.gpx,16978844166,other,2026-01-08 13:23,43.3,2592,50.8221,4.5052,50.8634,4.688,Actividad por la tarde,ebikeride,
20260106-1733-other-16958631198.gpx,16958631198,other,2026-01-06 17:33,44.0,2639,50.8635,4.687,50.8221,4.5053,Actividad por la tarde,ebikeride,
20260106-0712-other-16952802293.gpx,16952802293,other,2026-01-06 07:12,42.2,2530,50.822,4.5051,50.8637,4.6869,Actividad por la mañana,ebikeride,
20260104-1755-other-16937414328.gpx,16937414328,other,2026-01-04 17:55,27.6,1486,50.8221,4.5051,50.8235,4.5067,Carrera por la tarde,running,
20260103-1803-other-16926521199.gpx,16926521199,other,2026-01-03 18:03,69.6,3376,50.8741,4.7004,50.822,4.5051,Actividad vespertina,ebikeride,
20260103-1305-other-16922830253.gpx,16922830253,other,2026-01-03 13:05,40.0,1959,50.8248,4.5152,50.8636,4.687,Actividad por la tarde,ebikeride,
20260101-1716-other-16904811054.gpx,16904811054,other,2026-01-01 17:16,34.3,2025,50.8221,4.5052,50.8222,4.5054,Carrera por la tarde,running,
20251230-1902-other-16886853631.gpx,16886853631,other,2025-12-30 19:02,41.5,2487,50.8602,4.6834,50.8221,4.5055,Actividad vespertina,ebikeride,
20251230-1142-other-16882424023.gpx,16882424023,other,2025-12-30 11:42,40.1,2407,50.8221,4.5051,50.8636,4.6869,Actividad a la hora del almuerzo,ebikeride,
20251229-1503-other-16874496220.gpx,16874496220,other,2025-12-29 15:03,41.5,2492,50.8637,4.6866,50.8221,4.5056,Actividad por la tarde,ebikeride,
20251229-0949-other-16871505543.gpx,16871505543,other,2025-12-29 09:49,40.6,2424,50.8221,4.5051,50.8637,4.687,Actividad por la mañana,ebikeride,
20251228-1831-other-16867254051.gpx,16867254051,other,2025-12-28 18:31,22.7,1353,50.8221,4.5053,50.8222,4.5053,Carrera vespertina,running,
20251226-1654-other-16846572475.gpx,16846572475,other,2025-12-26 16:54,43.8,2623,50.8635,4.6861,50.8221,4.5053,Actividad por la tarde,ebikeride,
20251226-1036-other-16842635757.gpx,16842635757,other,2025-12-26 10:36,44.0,2639,50.8223,4.506,50.8633,4.688,Actividad por la mañana,ebikeride,
20251223-1842-other-16822648921.gpx,16822648921,other,2025-12-23 18:42,58.5,2882,50.8779,4.7035,50.8221,4.5051,Actividad vespertina,ebikeride,
20251223-0820-other-16817378623.gpx,16817378623,other,2025-12-23 08:20,44.9,2692,50.8221,4.5052,50.8632,4.6876,Actividad por la mañana,ebikeride,
20251221-1923-other-16805320260.gpx,16805320260,other,2025-12-21 19:23,17.6,1052,50.8221,4.5053,50.822,4.5049,Carrera vespertina,running,
20251218-2111-other-16779831898.gpx,16779831898,other,2025-12-18 21:11,64.3,3115,50.8777,4.7034,50.8222,4.5054,Actividad nocturna,ebikeride,
20251218-1035-other-16774814244.gpx,16774814244,other,2025-12-18 10:35,42.5,2549,50.822,4.5051,50.8632,4.6877,Actividad por la mañana,ebikeride,
20251217-2031-other-16770686826.gpx,16770686826,other,2025-12-17 20:31,43.8,2627,50.8637,4.6869,50.8221,4.5053,Actividad vespertina,ebikeride,
20251217-1258-other-16767159329.gpx,16767159329,other,2025-12-17 12:58,40.9,2454,50.822,4.5052,50.8632,4.6878,Actividad a la hora del almuerzo,ebikeride,
20251212-1744-other-16723776514.gpx,16723776514,other,2025-12-12 17:44,46.5,2792,50.8634,4.6881,50.8221,4.5054,Actividad por la tarde,ebikeride,
20251212-0906-other-16719961425.gpx,16719961425,other,2025-12-12 09:06,42.6,2554,50.8221,4.5052,50.8635,4.6882,Actividad por la mañana,ebikeride,
20251211-1801-other-16715034666.gpx,16715034666,other,2025-12-11 18:01,45.8,2744,50.8635,4.6882,50.8221,4.5055,Actividad vespertina,ebikeride,
20251211-1101-other-16711600159.gpx,16711600159,other,2025-12-11 11:01,41.1,2469,50.8221,4.5051,50.8633,4.6879,Actividad a la hora del almuerzo,ebikeride,
20251210-2053-other-16707245946.gpx,16707245946,other,2025-12-10 20:53,45.8,2747,50.8695,4.6929,50.8221,4.5053,Actividad vespertina,ebikeride,
20251210-0846-other-16701188378.gpx,16701188378,other,2025-12-10 08:46,41.4,2481,50.8222,4.5056,50.8634,4.6882,Actividad por la mañana,ebikeride,
20251209-1626-other-16694982975.gpx,16694982975,other,2025-12-09 16:26,43.2,2508,50.8637,4.6868,50.8247,4.5099,Actividad por la tarde,ebikeride,
20251209-0820-other-16691309028.gpx,16691309028,other,2025-12-09 08:20,43.1,2589,50.8221,4.5052,50.8633,4.6878,Actividad por la mañana,ebikeride,
20251208-1741-other-16686382075.gpx,16686382075,other,2025-12-08 17:41,31.6,1896,50.8633,4.6883,50.8322,4.5649,Actividad por la tarde,ebikeride,
20251208-0939-other-16682147259.gpx,16682147259,other,2025-12-08 09:39,41.5,2483,50.822,4.5051,50.8632,4.6877,Actividad por la mañana,ebikeride,
20251204-1613-other-16649043598.gpx,16649043598,other,2025-12-04 16:13,45.2,2711,50.8634,4.6885,50.8221,4.5053,Actividad por la tarde,ebikeride,
20251204-0841-other-16645755250.gpx,16645755250,other,2025-12-04 08:41,43.5,2590,50.8219,4.5051,50.8635,4.6882,Actividad por la mañana,ebikeride,
20251203-2217-other-16642898333.gpx,16642898333,other,2025-12-03 22:17,57.1,2809,50.8787,4.7008,50.8222,4.5055,Actividad nocturna,ebikeride,
20251203-1059-other-16636953336.gpx,16636953336,other,2025-12-03 10:59,40.1,2399,50.822,4.5052,50.8633,4.6879,Actividad por la mañana,ebikeride,
20251202-1844-other-16631040183.gpx,16631040183,other,2025-12-02 18:44,49.3,2958,50.8634,4.6882,50.8221,4.5054,Actividad vespertina,ebikeride,
20251202-1100-other-16626867856.gpx,16626867856,other,2025-12-02 11:00,41.8,2509,50.8221,4.5052,50.8633,4.6879,Actividad a la hora del almuerzo,ebikeride,
20251201-1740-other-16620415122.gpx,16620415122,other,2025-12-01 17:40,47.7,2860,50.8631,4.6873,50.8222,4.5055,Actividad por la tarde,ebikeride,
20251201-0756-other-16616256708.gpx,16616256708,other,2025-12-01 07:56,44.5,2664,50.822,4.5051,50.8634,4.6879,Actividad por la mañana,ebikeride,
20251128-1930-other-16593728252.gpx,16593728252,other,2025-11-28 19:30,47.0,2811,50.8695,4.6929,50.8221,4.5055,Actividad vespertina,ebikeride,
20251128-0929-other-16589296410.gpx,16589296410,other,2025-11-28 09:29,42.2,2535,50.8222,4.5056,50.8633,4.6879,Actividad por la mañana,ebikeride,
20251127-1942-other-16585451257.gpx,16585451257,other,2025-11-27 19:42,46.0,2752,50.8638,4.6867,50.822,4.5052,Actividad vespertina,ebikeride,
20251127-0913-other-16579618086.gpx,16579618086,other,2025-11-27 09:13,43.0,2575,50.8221,4.5051,50.8633,4.6879,Actividad por la mañana,ebikeride,
20251126-1756-other-16574416230.gpx,16574416230,other,2025-11-26 17:56,60.3,2797,50.8634,4.6884,50.8222,4.5055,Actividad por la tarde,ebikeride,
20251126-0851-other-16569696596.gpx,16569696596,other,2025-11-26 08:51,41.5,2491,50.8221,4.5051,50.8634,4.6879,Actividad por la mañana,ebikeride,
20251125-1742-other-16563941275.gpx,16563941275,other,2025-11-25 17:42,44.0,2634,50.8636,4.687,50.8221,4.5055,Actividad por la tarde,ebikeride,
20251125-0942-other-16559841506.gpx,16559841506,other,2025-11-25 09:42,41.1,2460,50.822,4.5052,50.8633,4.6879,Actividad por la mañana,ebikeride,
20251124-1521-other-16552892817.gpx,16552892817,other,2025-11-24 15:21,43.2,2550,50.8631,4.6881,50.8222,4.5056,Actividad por la tarde,ebikeride,
20251124-0842-other-16550103010.gpx,16550103010,other,2025-11-24 08:42,42.1,2527,50.822,4.5051,50.8632,4.6877,Actividad por la mañana,ebikeride,
20251121-1717-other-16525818267.gpx,16525818267,other,2025-11-21 17:17,57.3,3085,50.8802,4.7095,50.8221,4.505,Actividad por la tarde,ebikeride,
20251121-0835-other-16521778286.gpx,16521778286,other,2025-11-21 08:35,42.2,2530,50.822,4.5052,50.8633,4.6879,Actividad por la mañana,ebikeride,
20251120-1726-other-16516650841.gpx,16516650841,other,2025-11-20 17:26,54.9,3191,50.8631,4.688,50.8221,4.505,Actividad por la tarde,ebikeride,
20251120-0822-other-16512224597.gpx,16512224597,other,2025-11-20 08:22,51.1,2813,50.8221,4.5051,50.8616,4.6869,Actividad por la mañana,ebikeride,
20251119-1744-other-16506920474.gpx,16506920474,other,2025-11-19 17:44,52.8,3131,50.8635,4.6882,50.8221,4.505,Actividad por la tarde,ebikeride,
20251119-0900-other-16502553018.gpx,16502553018,other,2025-11-19 09:00,40.9,2445,50.8221,4.5051,50.8634,4.688,Actividad por la mañana,ebikeride,
20251118-1753-other-16496733666.gpx,16496733666,other,2025-11-18 17:53,45.9,2741,50.8635,4.6881,50.8221,4.5054,Actividad por la tarde,ebikeride,
20251118-0908-other-16492249593.gpx,16492249593,other,2025-11-18 09:08,40.5,2423,50.8221,4.5052,50.8632,4.6877,Actividad por la mañana,ebikeride,
20251117-1754-other-16486795460.gpx,16486795460,other,2025-11-17 17:54,65.5,3400,50.8634,4.688,50.8221,4.505,Actividad por la tarde,ebikeride,
20251117-0907-other-16482450316.gpx,16482450316,other,2025-11-17 09:07,42.9,2571,50.822,4.5051,50.8635,4.6881,Actividad por la mañana,ebikeride,
20251114-1619-other-16456558882.gpx,16456558882,other,2025-11-14 16:19,46.1,2769,50.8633,4.6877,50.8221,4.5051,Actividad por la tarde,ebikeride,
20251114-0818-other-16453009589.gpx,16453009589,other,2025-11-14 08:18,42.3,2540,50.8221,4.5051,50.8632,4.6878,Actividad por la mañana,ebikeride,
20251113-1932-other-16448779254.gpx,16448779254,other,2025-11-13 19:32,44.9,2688,50.8634,4.6882,50.8221,4.5055,Actividad vespertina,ebikeride,
20251113-0934-other-16443468434.gpx,16443468434,other,2025-11-13 09:34,37.8,2269,50.8259,4.5134,50.8631,4.6875,Actividad por la mañana,ebikeride,
20251112-2007-other-16439092657.gpx,16439092657,other,2025-11-12 20:07,61.5,2871,50.876,4.7006,50.8221,4.5055,Actividad vespertina,ebikeride,
20251112-0856-other-16432874341.gpx,16432874341,other,2025-11-12 08:56,41.8,2504,50.8221,4.5053,50.8633,4.6878,Actividad por la mañana,ebikeride,
20251110-2205-other-16418382985.gpx,16418382985,other,2025-11-10 22:05,64.8,3398,50.8861,4.6972,50.8221,4.5056,Actividad nocturna,ebikeride,
20251110-0949-other-16411901628.gpx,16411901628,other,2025-11-10 09:49,41.0,2458,50.8219,4.5053,50.8632,4.6877,Actividad por la mañana,ebikeride,
20251107-1816-other-16386139818.gpx,16386139818,other,2025-11-07 18:16,54.5,1929,50.865,4.6803,50.8222,4.5056,Actividad vespertina,ebikeride,
20251107-0930-other-16381656827.gpx,16381656827,other,2025-11-07 09:30,43.0,2578,50.822,4.5051,50.8633,4.6879,Actividad por la mañana,ebikeride,
20251106-1743-other-16375797451.gpx,16375797451,other,2025-11-06 17:43,42.4,2544,50.8635,4.6884,50.8222,4.5055,Actividad por la tarde,ebikeride,
20251106-0748-other-16370917869.gpx,16370917869,other,2025-11-06 07:48,44.2,2654,50.822,4.5051,50.8631,4.6876,Actividad por la mañana,ebikeride,
20251105-1730-other-16365249145.gpx,16365249145,other,2025-11-05 17:30,41.9,2511,50.8637,4.6863,50.8221,4.5053,Actividad por la tarde,ebikeride,
20251105-0806-other-16360372576.gpx,16360372576,other,2025-11-05 08:06,46.3,2778,50.822,4.5052,50.8633,4.6878,Actividad por la mañana,ebikeride,
20251104-1943-other-16355935991.gpx,16355935991,other,2025-11-04 19:43,67.3,3242,50.8789,4.7027,50.8222,4.5057,Actividad vespertina,ebikeride,
20251104-0843-other-16349344598.gpx,16349344598,other,2025-11-04 08:43,42.9,2566,50.8221,4.5052,50.8633,4.6878,Actividad por la mañana,ebikeride,
20251103-1645-other-16342896056.gpx,16342896056,other,2025-11-03 16:45,55.7,2878,50.8632,4.6884,50.8222,4.5053,Actividad por la tarde,ebikeride,
20251103-0858-other-16339108502.gpx,16339108502,other,2025-11-03 08:58,44.7,2676,50.822,4.5051,50.8634,4.6881,Actividad por la mañana,ebikeride,
20251102-0850-other-16328312514.gpx,16328312514,other,2025-11-02 08:50,43.6,1801,50.8464,4.3645,50.8424,4.3637,7km de bisxelles (ben zelf op de story),running,
20251031-1656-other-16313443420.gpx,16313443420,other,2025-10-31 16:56,46.6,2793,50.8636,4.6861,50.8221,4.5053,Actividad por la tarde,ebikeride,
20251031-0809-other-16309266614.gpx,16309266614,other,2025-10-31 08:09,46.4,2778,50.822,4.5052,50.8635,4.6881,Actividad por la mañana,ebikeride,
20251030-1946-other-16305429259.gpx,16305429259,other,2025-10-30 19:46,45.1,2708,50.8636,4.6869,50.8222,4.5056,Actividad vespertina,ebikeride,
20251030-0859-other-16299835431.gpx,16299835431,other,2025-10-30 08:59,43.6,2620,50.8221,4.5051,50.8632,4.6877,200 al 🥶,ebikeride,
20251029-1832-other-16294838134.gpx,16294838134,other,2025-10-29 18:32,49.1,2944,50.8635,4.6872,50.8221,4.5054,Actividad vespertina,ebikeride,
20251029-0921-other-16289853685.gpx,16289853685,other,2025-10-29 09:21,43.0,2574,50.8221,4.5051,50.8632,4.6878,Actividad por la mañana,ebikeride,
20251028-1814-other-16284122903.gpx,16284122903,other,2025-10-28 18:14,45.3,2719,50.8633,4.6876,50.8222,4.5055,Actividad vespertina,ebikeride,
20251028-1424-other-16281802704.gpx,16281802704,other,2025-10-28 14:24,25.9,862,50.881,4.6732,50.8634,4.6882,Actividad por la tarde,ebikeride,
20251028-0935-other-16278971761.gpx,16278971761,other,2025-10-28 09:35,12.2,731,50.8634,4.6872,50.8815,4.673,Actividad por la mañana,ebikeride,
20251028-0757-other-16278563893.gpx,16278563893,other,2025-10-28 07:57,43.8,2613,50.8219,4.5052,50.8632,4.6877,Actividad por la mañana,ebikeride,
20251027-1742-other-16273281131.gpx,16273281131,other,2025-10-27 17:42,49.3,2911,50.8634,4.6883,50.8222,4.5055,Actividad por la tarde,ebikeride,
20251027-0903-other-16269035766.gpx,16269035766,other,2025-10-27 09:03,43.3,2590,50.8223,4.5062,50.8634,4.688,Actividad por la mañana,ebikeride,
20251025-1121-other-16249754881.gpx,16249754881,other,2025-10-25 11:21,47.9,2871,50.8697,4.6892,50.8223,4.5062,Actividad a la hora del almuerzo,ebikeride,
20251024-2253-other-16245087178.gpx,16245087178,other,2025-10-24 22:53,14.1,793,50.8681,4.6646,50.8704,4.6894,Vuelta ciclística nocturna,cycling,
20251024-1922-other-16243842508.gpx,16243842508,other,2025-10-24 19:22,16.5,941,50.8707,4.6901,50.8681,4.6645,Vuelta ciclística vespertina,cycling,
20251024-0901-other-16239108983.gpx,16239108983,other,2025-10-24 09:01,42.2,2531,50.8221,4.5053,50.8632,4.6877,Actividad por la mañana,ebikeride,
20251023-1814-other-16234020623.gpx,16234020623,other,2025-10-23 18:14,56.2,3364,50.8636,4.6882,50.8222,4.5051,Actividad vespertina,ebikeride,
20251023-0847-other-16229455188.gpx,16229455188,other,2025-10-23 08:47,41.7,2497,50.8221,4.5051,50.8632,4.6878,Actividad por la mañana,ebikeride,
20251022-1752-other-16223660410.gpx,16223660410,other,2025-10-22 17:52,43.6,2563,50.8633,4.6876,50.8221,4.5055,Actividad por la tarde,ebikeride,
20251022-0919-other-16219197979.gpx,16219197979,other,2025-10-22 09:19,43.5,2609,50.822,4.5052,50.8634,4.6881,Actividad por la mañana,ebikeride,
20251021-1648-other-16212188034.gpx,16212188034,other,2025-10-21 16:48,54.5,3144,50.8666,4.6966,50.8222,4.5059,Actividad por la tarde,ebikeride,
20251021-0816-other-16208029612.gpx,16208029612,other,2025-10-21 08:16,44.0,2642,50.8221,4.5052,50.8633,4.6878,Actividad por la mañana,ebikeride,
20251020-1652-other-16201802971.gpx,16201802971,other,2025-10-20 16:52,47.4,2802,50.8635,4.6882,50.822,4.5051,Actividad por la tarde,ebikeride,
20251020-0755-other-16197771313.gpx,16197771313,other,2025-10-20 07:55,45.7,2735,50.8221,4.5051,50.8634,4.688,Actividad por la mañana,ebikeride,
20251019-1520-other-16192122309.gpx,16192122309,other,2025-10-19 15:20,62.3,3725,50.822,4.5052,50.8231,4.5128,Carrera por la tarde,running,
20251017-1808-other-16171883916.gpx,16171883916,other,2025-10-17 18:08,48.0,2877,50.8634,4.6884,50.822,4.505,Actividad vespertina,ebikeride,
20251017-0820-other-16167113190.gpx,16167113190,other,2025-10-17 08:20,44.0,2631,50.822,4.5051,50.8633,4.6879,Actividad por la mañana,ebikeride,
20251016-1736-other-16161509065.gpx,16161509065,other,2025-10-16 17:36,64.5,3201,50.8791,4.7026,50.8221,4.5055,Actividad por la tarde,ebikeride,
20251016-0840-other-16156772968.gpx,16156772968,other,2025-10-16 08:40,43.9,2635,50.8221,4.5053,50.8634,4.688,Actividad por la mañana,ebikeride,
20251015-1947-other-16152230608.gpx,16152230608,other,2025-10-15 19:47,53.9,3151,50.8794,4.7029,50.8222,4.5056,Actividad vespertina,ebikeride,
20251015-0751-other-16145609523.gpx,16145609523,other,2025-10-15 07:51,44.5,2616,50.8221,4.5052,50.8631,4.6876,Actividad por la mañana,ebikeride,
20251014-1703-other-16139174327.gpx,16139174327,other,2025-10-14 17:03,63.7,2815,50.8634,4.6885,50.8221,4.5056,Actividad por la tarde,ebikeride,
20251014-0802-other-16134385766.gpx,16134385766,other,2025-10-14 08:02,44.0,2638,50.8225,4.5069,50.8634,4.688,Actividad por la mañana,ebikeride,
20251010-1716-other-16097053704.gpx,16097053704,other,2025-10-10 17:16,55.2,2858,50.8634,4.6883,50.8221,4.5055,Actividad por la tarde,ebikeride,
20251010-0745-other-16092562145.gpx,16092562145,other,2025-10-10 07:45,42.5,2548,50.8221,4.5052,50.8634,4.6879,Actividad por la mañana,ebikeride,
20251009-1808-other-16087538932.gpx,16087538932,other,2025-10-09 18:08,62.2,2877,50.8758,4.7015,50.8222,4.5055,Actividad vespertina,ebikeride,
20251009-0846-other-16082539803.gpx,16082539803,other,2025-10-09 08:46,42.2,2358,50.8222,4.5056,50.8634,4.6881,Vuelta ciclística por la mañana,ebikeride,
20251008-1615-other-16075371177.gpx,16075371177,other,2025-10-08 16:15,38.7,2319,50.8551,4.6434,50.8222,4.5058,Vuelta ciclística por la tarde,ebikeride,
20251008-1526-other-16074664423.gpx,16074664423,other,2025-10-08 15:26,9.7,515,50.8633,4.6883,50.8798,4.7062,Vuelta ciclística por la tarde,ebikeride,
20251008-0747-other-16071180544.gpx,16071180544,other,2025-10-08 07:47,41.4,2483,50.822,4.5052,50.8632,4.6878,Actividad por la mañana,ebikeride,
20251007-2207-other-16067767340.gpx,16067767340,other,2025-10-07 22:07,51.5,3078,50.8875,4.7005,50.8221,4.5054,Actividad nocturna,ebikeride,
20251007-1653-other-16063889022.gpx,16063889022,other,2025-10-07 16:53,12.7,762,50.8634,4.6881,50.8875,4.7005,Actividad por la tarde,ebikeride,
20251007-0755-other-16059494323.gpx,16059494323,other,2025-10-07 07:55,40.8,2369,50.8221,4.5054,50.8632,4.6878,Actividad por la mañana,ebikeride,
20251006-1658-other-16052896314.gpx,16052896314,other,2025-10-06 16:58,44.7,2591,50.8634,4.6873,50.8222,4.5057,Actividad por la tarde,ebikeride,
20251006-0756-other-16048691545.gpx,16048691545,other,2025-10-06 07:56,40.9,2457,50.822,4.5052,50.8633,4.6878,Actividad por la mañana,ebikeride,
20251005-1609-other-16043315549.gpx,16043315549,other,2025-10-05 16:09,77.2,4628,50.822,4.5052,50.8222,4.5055,Carrera por la tarde,running,
20251003-1815-other-16023433051.gpx,16023433051,other,2025-10-03 18:15,54.3,3251,50.8637,4.6869,50.8221,4.5051,Actividad vespertina,ebikeride,
20251003-0810-other-16017183538.gpx,16017183538,other,2025-10-03 08:10,49.4,2962,50.8222,4.5052,50.8634,4.6882,Actividad por la mañana,ebikeride,
20251001-1528-other-15998744254.gpx,15998744254,other,2025-10-01 15:28,47.9,2872,50.8635,4.6882,50.8221,4.5052,Actividad por la tarde,ebikeride,
20251001-0809-other-15995069260.gpx,15995069260,other,2025-10-01 08:09,49.0,2939,50.8221,4.5052,50.8635,4.6881,Actividad por la mañana,ebikeride,
20250930-1748-other-15988566911.gpx,15988566911,other,2025-09-30 17:48,48.6,2913,50.8633,4.6881,50.822,4.5051,Actividad por la tarde,ebikeride,
20250929-1736-other-15977097952.gpx,15977097952,other,2025-09-29 17:36,56.2,3372,50.8775,4.7031,50.8221,4.5051,Actividad por la tarde,ebikeride,
20250929-1633-other-15975967194.gpx,15975967194,other,2025-09-29 16:33,7.6,455,50.8634,4.688,50.8773,4.7036,Actividad por la tarde,ebikeride,
20250929-0809-other-15972320678.gpx,15972320678,other,2025-09-29 08:09,40.1,2401,50.8256,4.516,50.8633,4.6879,Actividad por la mañana,ebikeride,
20250928-1823-other-15968044067.gpx,15968044067,other,2025-09-28 18:23,48.4,2888,50.822,4.5051,50.822,4.5055,Carrera vespertina,running,
20250926-1754-other-15944189169.gpx,15944189169,other,2025-09-26 17:54,43.4,2603,50.8634,4.6886,50.8228,4.5022,Actividad por la tarde,ebikeride,
20250926-0851-other-15939721226.gpx,15939721226,other,2025-09-26 08:51,52.6,2689,50.8221,4.5052,50.8633,4.6879,Actividad por la mañana,ebikeride,
20250925-1816-other-15934035724.gpx,15934035724,other,2025-09-25 18:16,42.9,2571,50.8635,4.6884,50.8221,4.5055,Actividad vespertina,ebikeride,
20250925-0803-other-15928903633.gpx,15928903633,other,2025-09-25 08:03,44.1,2645,50.8221,4.5052,50.8633,4.6879,Actividad por la mañana,ebikeride,
20250924-1744-other-15923069499.gpx,15923069499,other,2025-09-24 17:44,58.6,2805,50.8613,4.6855,50.8221,4.5051,Actividad por la tarde,ebikeride,
20250924-0735-other-15917680362.gpx,15917680362,other,2025-09-24 07:35,44.3,2657,50.822,4.5051,50.8633,4.688,Actividad por la mañana,ebikeride,
20250923-1743-other-15911519452.gpx,15911519452,other,2025-09-23 17:43,55.0,2558,50.8632,4.6886,50.8222,4.5057,Actividad por la tarde,ebikeride,
20250923-0754-other-15906096232.gpx,15906096232,other,2025-09-23 07:54,41.0,2463,50.822,4.5051,50.8635,4.6881,Actividad por la mañana,ebikeride,
20250922-2111-other-15902276088.gpx,15902276088,other,2025-09-22 21:11,40.2,2406,50.8638,4.6869,50.8222,4.5053,Actividad nocturna,ebikeride,
20250922-0749-other-15895259292.gpx,15895259292,other,2025-09-22 07:49,43.4,2604,50.8222,4.506,50.8633,4.6878,Actividad por la mañana,ebikeride,
20250921-0933-other-15884561350.gpx,15884561350,other,2025-09-21 09:33,74.7,4435,50.8221,4.5051,50.8253,4.5161,Carrera por la mañana,running,
20250918-2007-other-15858035901.gpx,15858035901,other,2025-09-18 20:07,51.4,3075,50.8773,4.702,50.822,4.5051,Actividad vespertina,ebikeride,
20250918-0846-other-15850794208.gpx,15850794208,other,2025-09-18 08:46,39.8,2357,50.8221,4.5055,50.8632,4.6878,Lombardo - Assist 5,ebikeride,
20250917-1649-other-15843652613.gpx,15843652613,other,2025-09-17 16:49,45.5,2728,50.8661,4.6961,50.8221,4.5051,Actividad por la tarde,ebikeride,
20250917-0755-other-15839123524.gpx,15839123524,other,2025-09-17 07:55,42.6,2554,50.8221,4.505,50.8635,4.6882,Actividad por la mañana,ebikeride,
20250916-1743-other-15832675702.gpx,15832675702,other,2025-09-16 17:43,59.1,2877,50.8637,4.6867,50.8227,4.5022,Actividad por la tarde,ebikeride,
20250916-0745-other-15827140443.gpx,15827140443,other,2025-09-16 07:45,41.7,2498,50.8221,4.5051,50.8634,4.6879,Actividad por la mañana,ebikeride,
20250915-1712-other-15820542603.gpx,15820542603,other,2025-09-15 17:12,45.1,2656,50.8633,4.6881,50.8221,4.5052,Actividad por la tarde,ebikeride,
20250915-0752-other-15816024651.gpx,15816024651,other,2025-09-15 07:52,44.0,2638,50.8221,4.505,50.8634,4.6882,Actividad por la mañana,ebikeride,
20250912-1725-other-15787610409.gpx,15787610409,other,2025-09-12 17:25,48.1,2883,50.8634,4.6883,50.8221,4.505,Actividad por la tarde,ebikeride,
20250912-0750-other-15782915869.gpx,15782915869,other,2025-09-12 07:50,50.5,2993,50.822,4.5052,50.8636,4.6877,Actividad por la mañana,ebikeride,
20250911-1719-other-15776734255.gpx,15776734255,other,2025-09-11 17:19,58.4,3468,50.8634,4.6882,50.8221,4.5051,Actividad por la tarde,ebikeride,
20250911-0749-other-15771794361.gpx,15771794361,other,2025-09-11 07:49,46.6,2796,50.8259,4.5133,50.8634,4.6881,Actividad por la mañana,ebikeride,
20250910-2024-other-15767670204.gpx,15767670204,other,2025-09-10 20:24,49.2,2951,50.8636,4.6887,50.8221,4.5052,Actividad vespertina,ebikeride,
20250910-0751-other-15760419877.gpx,15760419877,other,2025-09-10 07:51,47.3,2836,50.822,4.5051,50.8635,4.6881,Actividad por la mañana,ebikeride,
20250905-1712-other-15707193834.gpx,15707193834,other,2025-09-05 17:12,55.2,2954,50.8635,4.6881,50.8221,4.505,Actividad por la tarde,ebikeride,
20250905-0741-other-15702374574.gpx,15702374574,other,2025-09-05 07:41,47.6,2857,50.8221,4.5052,50.8632,4.6878,Actividad por la mañana,ebikeride,
20250904-1741-other-15696236587.gpx,15696236587,other,2025-09-04 17:41,46.9,2811,50.8634,4.6884,50.8221,4.5051,Actividad por la tarde,ebikeride,
20250904-0751-other-15691120285.gpx,15691120285,other,2025-09-04 07:51,46.1,2766,50.8222,4.5051,50.8635,4.6881,Actividad por la mañana,ebikeride,
20250903-1807-other-15685003726.gpx,15685003726,other,2025-09-03 18:07,47.8,2777,50.8591,4.6822,50.8222,4.5056,Actividad vespertina,ebikeride,
20250903-0725-other-15679207139.gpx,15679207139,other,2025-09-03 07:25,42.8,2559,50.822,4.5051,50.8696,4.6902,Actividad por la mañana,ebikeride,
20250902-1712-other-15672230655.gpx,15672230655,other,2025-09-02 17:12,44.8,2686,50.8637,4.6879,50.8221,4.5052,Actividad por la tarde,ebikeride,
20250902-0722-other-15667078297.gpx,15667078297,other,2025-09-02 07:22,49.8,2981,50.822,4.5051,50.8697,4.6901,Actividad por la mañana,ebikeride,
20250901-1731-other-15660692119.gpx,15660692119,other,2025-09-01 17:31,44.3,2660,50.8593,4.6819,50.8221,4.5053,Actividad por la tarde,ebikeride,
20250901-0745-other-15655886030.gpx,15655886030,other,2025-09-01 07:45,45.0,2698,50.8221,4.5051,50.8639,4.6876,Actividad por la mañana,ebikeride,
20250829-1031-other-15624264986.gpx,15624264986,other,2025-08-29 10:31,43.9,2409,50.8221,4.5051,50.8253,4.5162,Met de 2uster,running,
20250827-1909-other-15607727136.gpx,15607727136,other,2025-08-27 19:09,58.9,3093,50.8759,4.7013,50.8222,4.5057,Actividad vespertina,ebikeride,
20250827-1032-other-15602065211.gpx,15602065211,other,2025-08-27 10:32,46.8,2801,50.8221,4.5052,50.8694,4.6901,Actividad por la mañana,ebikeride,
20250823-0812-other-15553795477.gpx,15553795477,other,2025-08-23 08:12,27.6,1586,50.8225,4.5055,50.8251,4.5156,Met de zuster,running,
20250821-1256-other-15534937714.gpx,15534937714,other,2025-08-21 12:56,52.0,3116,50.8708,4.6919,50.822,4.5052,Actividad a la hora del almuerzo,ebikeride,
20250821-0827-other-15532650323.gpx,15532650323,other,2025-08-21 08:27,50.8,3048,50.8221,4.5052,50.8695,4.6926,Actividad por la mañana,ebikeride,
20250808-1944-other-15390895090.gpx,15390895090,other,2025-08-08 19:44,54.4,3049,50.8141,4.5515,50.8139,4.5507,Mutotoloop,running,
20250804-2041-other-15344591431.gpx,15344591431,other,2025-08-04 20:41,33.9,1987,50.8221,4.5053,50.8221,4.5054,Carrera vespertina,running,
20250724-1953-other-15224023057.gpx,15224023057,other,2025-07-24 19:53,34.3,2058,50.822,4.5051,50.8222,4.5054,Carrera vespertina,running,
20250720-1902-other-15179679965.gpx,15179679965,other,2025-07-20 19:02,57.3,2639,50.8221,4.5052,50.8233,4.5041,Loopje ondebroken door een auto die in brand is gevlogen,running,
20250707-0854-other-15032235366.gpx,15032235366,other,2025-07-07 08:54,36.4,2058,50.822,4.5051,50.8222,4.5054,💦,running,
20250525-1136-other-14589684118.gpx,14589684118,other,2025-05-25 11:36,141.4,8188,50.8418,4.3861,50.8394,4.3974,19.99km van bx😂😭,running,
20250519-1841-other-14532079551.gpx,14532079551,other,2025-05-19 18:41,114.6,6834,50.8698,4.6904,50.822,4.5055,Van 🎓 naar 🏠,running,
20250510-1504-other-14436793778.gpx,14436793778,other,2025-05-10 15:04,113.9,6722,50.7696,4.5654,50.7696,4.5653,Magnolia run ~ 16km,running,
20250503-1954-other-14368398510.gpx,14368398510,other,2025-05-03 19:54,110.8,6611,50.822,4.5052,50.823,4.5037,10 miles of...Tervuren I guess,running,
20250428-1847-other-14313666774.gpx,14313666774,other,2025-04-28 18:47,30.3,1788,50.8699,4.6898,50.8695,4.6904,Carrera vespertina,running,
20250426-1824-other-14294217953.gpx,14294217953,other,2025-04-26 18:24,82.2,4645,50.8221,4.5051,50.8222,4.5054,Laatse km mama meegefietst,running,
20250422-2145-other-14256126370.gpx,14256126370,other,2025-04-22 21:45,36.9,2163,50.822,4.5051,50.8262,4.5087,"Net 🛬 van Milaan, locale cuisine heeft precies wel goed gedaan 🤌",running,
20250419-2158-other-14226802563.gpx,14226802563,other,2025-04-19 21:58,45.2,2701,50.8221,4.5053,50.822,4.5054,Carrera nocturna,running,
20250416-1937-other-14196830642.gpx,14196830642,other,2025-04-16 19:37,51.5,2954,50.8696,4.6909,50.8699,4.6909,Carrera vespertina,running,
20250412-1039-other-14154441626.gpx,14154441626,other,2025-04-12 10:39,153.6,8287,50.8684,4.7031,50.8694,4.709,Leuven halve-marathon ☀️,running,
20250406-2310-other-14102400074.gpx,14102400074,other,2025-04-06 23:10,127.3,7632,50.8677,4.6915,50.8688,4.691,Carrera nocturna,running,
20250331-2023-other-14042297699.gpx,14042297699,other,2025-03-31 20:23,114.8,6574,50.87,4.6898,50.8699,4.6905,Carrera vespertina,running,
20250320-2020-other-13939708766.gpx,13939708766,other,2025-03-20 20:20,82.5,4929,50.8221,4.5051,50.8225,4.5065,Carrera vespertina,running,
20250316-1947-other-13902295745.gpx,13902295745,other,2025-03-16 19:47,63.8,3665,50.822,4.5051,50.8265,4.5202,Was lang geleden,running,
20250303-1952-other-13780750183.gpx,13780750183,other,2025-03-03 19:52,96.7,5701,50.8704,4.6902,50.8704,4.6902,Laatse run vóór de Spa-Francorchamps Run deze Zaterdag,running,
20250227-1848-other-13743866315.gpx,13743866315,other,2025-02-27 18:48,48.4,2763,50.8702,4.69,50.8709,4.6902,Carrera vespertina,running,
20250222-0915-other-13694679391.gpx,13694679391,other,2025-02-22 09:15,107.0,6312,50.77,4.5648,50.7698,4.5651,Eerste trail ooit,running,
20250218-1934-other-13663259239.gpx,13663259239,other,2025-02-18 19:34,41.6,1643,50.8696,4.6901,50.8694,4.6903,Run + bok2essie,running,
20250214-1930-other-13627942307.gpx,13627942307,other,2025-02-14 19:30,118.0,6020,50.8535,4.7138,50.8537,4.7141,Discoschaatsen met 💙,IceSkate,
20250213-2107-other-13621031179.gpx,13621031179,other,2025-02-13 21:07,75.7,3969,50.87,4.69,50.8704,4.6896,Ringtour en dan 💙 oppikken bij haar bowlingavond om samen terug te wandelen,running,
20250211-2005-other-13602498407.gpx,13602498407,other,2025-02-11 20:05,54.0,1681,50.8701,4.6899,50.8697,4.6902,Run + boksessie 🥊🥊🤜,running,
20250208-1704-other-13575011010.gpx,13575011010,other,2025-02-08 17:04,81.0,4796,50.8221,4.5049,50.8221,4.5054,Carrera por la tarde,running,
20250205-0814-other-13544098622.gpx,13544098622,other,2025-02-05 08:14,41.5,2482,44.4454,26.0963,44.4374,26.0881,Weg vergeten naar het parkje ma uiteindelijk toch toegekomen,running,
20250203-0724-other-13525340628.gpx,13525340628,other,2025-02-03 07:24,22.2,1225,44.4457,26.0962,44.4356,26.0933,Met Jollemien,running,
20250129-1439-other-13484983811.gpx,13484983811,other,2025-01-29 14:39,171.1,4031,50.8221,4.505,50.8222,4.5055,Pingpongen met Bjorn,running,
20250127-1614-other-13466536100.gpx,13466536100,other,2025-01-27 16:14,57.1,3067,50.8221,4.5051,50.822,4.5052,Met de 2uster,running,
20250125-1647-other-13449940684.gpx,13449940684,other,2025-01-25 16:47,36.6,2174,50.8252,4.5157,50.8253,4.516,Met de zuster,running,
20250122-1718-other-13424295060.gpx,13424295060,other,2025-01-22 17:18,32.9,1845,50.8919,4.7211,50.8698,4.6903,Carrera por la tarde,running,
20250122-1637-other-13423962077.gpx,13423962077,other,2025-01-22 16:37,31.3,1399,50.8698,4.69,50.8919,4.7212,Carrera por la tarde,running,
20250114-1823-other-13354473367.gpx,13354473367,other,2025-01-14 18:23,51.2,2971,50.87,4.6901,50.8696,4.6904,Met de C,running,
20250112-1746-other-13337146484.gpx,13337146484,other,2025-01-12 17:46,78.0,4652,50.822,4.5051,50.8222,4.5056,Eerste loopje na mijn griepweek 🤧,running,
20250106-1900-other-13283238807.gpx,13283238807,other,2025-01-06 19:00,28.0,1662,50.8699,4.69,50.8695,4.6901,Carrera vespertina,running,
20250104-1902-other-13266677062.gpx,13266677062,other,2025-01-04 19:02,48.9,2908,50.8221,4.5051,50.8221,4.5049,Carrera vespertina,running,
20250102-1749-other-13248454333.gpx,13248454333,other,2025-01-02 17:49,76.1,4553,50.8221,4.5052,50.8222,4.5057,Carrera por la tarde,running,
20241230-2354-other-13227010103.gpx,13227010103,other,2024-12-30 23:54,22.2,1331,50.8221,4.5053,50.8085,4.5455,Carrera nocturna,running,
20241229-1837-other-13218410474.gpx,13218410474,other,2024-12-29 18:37,50.8,2437,50.822,4.5051,50.822,4.5049,Carrera vespertina,running,
20241225-2153-other-13189882711.gpx,13189882711,other,2024-12-25 21:53,105.1,5997,50.8221,4.5051,50.822,4.5045,Eerste loop terug sinds mijn fietsval en manke poot,running,
20241216-2010-other-13129924166.gpx,13129924166,other,2024-12-16 20:10,57.4,3246,50.8699,4.6899,50.8699,4.6904,Carrera vespertina,running,
20241213-1925-other-13108871106.gpx,13108871106,other,2024-12-13 19:25,53.6,2944,50.822,4.5049,50.8221,4.5054,Op de terugweg een pizzake besteld. (Vierkazen met peperoni erop 🍕 😋),running,
20241208-1924-other-13074749737.gpx,13074749737,other,2024-12-08 19:24,71.8,4294,50.87,4.69,50.8696,4.6903,De ring rond met Anna. Had nog wa energie over dus verdergegaan voor de 10k😊,running,
20241205-1807-other-13053631732.gpx,13053631732,other,2024-12-05 18:07,53.1,3182,50.8698,4.69,50.87,4.6898,"Ringtour in de andere richting. Wat meer geluk met de lichten, mss doe ik het nog is 🙃.",running,
20241203-1854-other-13039634571.gpx,13039634571,other,2024-12-03 18:54,54.9,3289,50.8699,4.6901,50.8698,4.6904,Geïnspireerd door Anna. Was leuk om rond Leuven te lopen maar te veel lichten naar mijn goesting,running,
20241129-0921-other-13007337146.gpx,13007337146,other,2024-11-29 09:21,29.4,1764,50.8699,4.69,50.8699,4.6905,Carrera por la mañana,running,
20241127-1937-other-12997226396.gpx,12997226396,other,2024-11-27 19:37,58.6,2884,50.8699,4.6901,50.8694,4.69,Effe dag zeggen aan vrienden in de alma en dan verderlopen,running,
20241124-2132-other-12976117050.gpx,12976117050,other,2024-11-24 21:32,69.2,4141,50.87,4.69,50.8697,4.6901,Zondagavondenergie eruit krijgen,running,
20241119-1821-other-12938090594.gpx,12938090594,other,2024-11-19 18:21,40.0,2373,50.8698,4.69,50.8698,4.6904,Carrera vespertina,running,
20241116-0005-other-12909901759.gpx,12909901759,other,2024-11-16 00:05,74.5,4467,50.8699,4.69,50.8698,4.6901,Slaapwandeling 😴,running,
20241113-2001-other-12894100867.gpx,12894100867,other,2024-11-13 20:01,57.4,3441,50.8699,4.6898,50.8701,4.6895,Carrera vespertina,running,
20241111-1728-other-12877035684.gpx,12877035684,other,2024-11-11 17:28,54.4,3254,50.8699,4.69,50.8698,4.6901,Back at it again,running,
20241107-0716-other-12842325846.gpx,12842325846,other,2024-11-07 07:16,50.4,3003,50.8702,4.69,50.8697,4.6903,Met Cristaaaaale 😄💋,running,
20241105-1732-other-12830537296.gpx,12830537296,other,2024-11-05 17:32,93.5,5605,50.8733,4.6913,50.8698,4.6906,Whatever this is,running,
20241103-0907-other-12810327692.gpx,12810327692,other,2024-11-03 09:07,42.6,1943,50.8465,4.3646,50.8424,4.3636,Brussels 7km,running,
20241030-1714-other-12782861702.gpx,12782861702,other,2024-10-30 17:14,39.5,2358,50.8699,4.6899,50.8696,4.6902,Carrera por la tarde,running,
20241025-2031-other-12743393995.gpx,12743393995,other,2024-10-25 20:31,39.2,2346,50.8221,4.505,50.822,4.5051,Carrera vespertina,running,
20241024-1926-other-12735809467.gpx,12735809467,other,2024-10-24 19:26,43.7,2608,50.8699,4.6899,50.8698,4.69,Met Cristaale,running,
20241022-1926-other-12719291044.gpx,12719291044,other,2024-10-22 19:26,41.1,2455,50.8698,4.6902,50.8697,4.6904,Carrera vespertina,running,
20241021-1958-other-12711032671.gpx,12711032671,other,2024-10-21 19:58,39.5,2267,50.8699,4.6899,50.8696,4.6903,6km babyyyy 🥳🥳,running,
20241018-1628-other-12685583653.gpx,12685583653,other,2024-10-18 16:28,40.6,2421,50.8701,4.6901,50.87,4.6908,Pfiou,running,
20241017-0707-other-12674832081.gpx,12674832081,other,2024-10-17 07:07,42.9,2058,50.8698,4.69,50.8699,4.6902,Carrera por la mañana,running,
20241015-0720-other-12658473913.gpx,12658473913,other,2024-10-15 07:20,44.6,2678,50.8699,4.6899,50.8699,4.6902,Carrera por la mañana,running,
20241014-0714-other-12650671905.gpx,12650671905,other,2024-10-14 07:14,35.5,2133,50.8699,4.6901,50.8699,4.6904,Carrera por la mañana,running,
20241012-0805-other-12633978914.gpx,12633978914,other,2024-10-12 08:05,37.0,2213,50.8222,4.5051,50.8221,4.5052,Lang geleden 😮‍💨,running,
20241003-1957-other-12566930669.gpx,12566930669,other,2024-10-03 19:57,31.6,1884,50.87,4.69,50.8699,4.6901,Pffff,running,
20241002-0741-other-12553896834.gpx,12553896834,other,2024-10-02 07:41,28.4,1695,50.8704,4.69,50.8699,4.6904,More fire,running,
20241001-0809-other-12545523120.gpx,12545523120,other,2024-10-01 08:09,30.6,1835,50.87,4.69,50.8699,4.6905,Chill,running,
20240930-0834-other-12537785441.gpx,12537785441,other,2024-09-30 08:34,28.9,1730,50.8699,4.6899,50.8698,4.6903,Populaire sessie,running,
20240928-2058-other-12526570924.gpx,12526570924,other,2024-09-28 20:58,32.1,1924,50.822,4.5051,50.822,4.505,Nachtsessiee,running,
20240926-0837-other-12506256246.gpx,12506256246,other,2024-09-26 08:37,13.4,793,50.8718,4.6906,50.8695,4.6902,Carrera por la mañana,running,
20240924-1959-other-12494536117.gpx,12494536117,other,2024-09-24 19:59,28.5,1698,50.8699,4.6898,50.8698,4.6902,Carrera vespertina,running,
20240923-1944-other-12485778518.gpx,12485778518,other,2024-09-23 19:44,27.6,1635,50.8699,4.6901,50.8698,4.6902,Yessir,running,
20240920-0719-other-12456007248.gpx,12456007248,other,2024-09-20 07:19,30.0,1777,50.8699,4.6898,50.8698,4.691,Kottest 5,running,
20240919-0711-other-12447607406.gpx,12447607406,other,2024-09-19 07:11,35.6,2135,50.8699,4.6898,50.8699,4.6899,Failtest 1,running,
20240918-0718-other-12438808777.gpx,12438808777,other,2024-09-18 07:18,22.7,1364,50.8699,4.6898,50.8699,4.6898,Kottest 3?,running,
20240917-0752-other-12429991655.gpx,12429991655,other,2024-09-17 07:52,18.4,1104,50.8698,4.69,50.8704,4.69,Kottest 2,running,
20240916-0755-other-12421835894.gpx,12421835894,other,2024-09-16 07:55,22.2,1334,50.87,4.6899,50.8698,4.6907,Kottest 1,running,
20240914-1606-other-12408451571.gpx,12408451571,other,2024-09-14 16:06,47.6,2798,50.8296,4.5163,50.8703,4.69,Kot 🔑,cycling,
20240912-2111-other-12394529243.gpx,12394529243,other,2024-09-12 21:11,17.8,1069,50.8221,4.5051,50.8221,4.5055,Chillings,running,
20240911-1513-other-12383620414.gpx,12383620414,other,2024-09-11 15:13,36.4,1547,50.8221,4.5051,50.8221,4.5051,Doed deugd om een beetje buiten te zijn,cycling,
20240911-0814-other-12380927832.gpx,12380927832,other,2024-09-11 08:14,22.6,1346,50.822,4.5052,50.8221,4.5053,Lets goooo,running,
20240910-0756-other-12371874502.gpx,12371874502,other,2024-09-10 07:56,18.8,1129,50.8221,4.5052,50.8241,4.5165,Carrera por la mañana,running,
20240909-0758-other-12363803775.gpx,12363803775,other,2024-09-09 07:58,23.1,1390,50.822,4.5051,50.8223,4.5059,Carrera por la mañana,running,
20240908-0757-other-12354814046.gpx,12354814046,other,2024-09-08 07:57,22.6,1354,50.8221,4.5052,50.8221,4.5052,Carrera por la mañana,running,
20240907-0758-other-12345950315.gpx,12345950315,other,2024-09-07 07:58,26.9,1610,50.8222,4.5051,50.8222,4.5056,Carrera por la mañana,running,
20240901-0756-other-12294660525.gpx,12294660525,other,2024-09-01 07:56,28.8,1727,50.8221,4.5051,50.8223,4.5055,I got you C,running,
20240831-0752-other-12286078282.gpx,12286078282,other,2024-08-31 07:52,18.0,1081,50.8221,4.5051,50.8231,4.5174,Carrera por la mañana,running,
20240830-0800-other-12278591580.gpx,12278591580,other,2024-08-30 08:00,17.8,1066,50.8221,4.505,50.8229,4.5176,Carrera por la mañana,running,
20240829-0754-other-12270129668.gpx,12270129668,other,2024-08-29 07:54,18.0,1079,50.8221,4.5051,50.8229,4.5176,Carrera por la mañana,running,
20240828-0902-other-12261750629.gpx,12261750629,other,2024-08-28 09:02,18.0,1077,50.8221,4.5052,50.823,4.5175,Rustig toertje dicht,running,
20240825-0749-other-12235157868.gpx,12235157868,other,2024-08-25 07:49,18.0,1080,50.8221,4.5051,50.8225,4.518,Week mooi afgerond 😁,running,
20240824-0749-other-12226754346.gpx,12226754346,other,2024-08-24 07:49,18.0,1082,50.8221,4.5051,50.8233,4.5172,Carrera por la mañana,running,
20240823-0753-other-12219220988.gpx,12219220988,other,2024-08-23 07:53,18.0,1069,50.8221,4.505,50.8233,4.5172,Carrera por la mañana,running,
20240822-0752-other-12210802410.gpx,12210802410,other,2024-08-22 07:52,18.0,1077,50.822,4.5051,50.8228,4.5177,Carrera por la mañana,running,
20240821-0756-other-12202015565.gpx,12202015565,other,2024-08-21 07:56,18.0,1053,50.8205,4.5134,50.8225,4.5181,Tourtje dicht,running,
20240818-0756-other-12175898175.gpx,12175898175,other,2024-08-18 07:56,18.0,1073,50.8221,4.5051,50.8238,4.5166,Carrera por la mañana,running,
20240817-0752-other-12167363071.gpx,12167363071,other,2024-08-17 07:52,18.0,1076,50.8221,4.5052,50.8231,4.5174,Na ziekte loop,running,
20240815-0750-other-12150959967.gpx,12150959967,other,2024-08-15 07:50,19.7,974,50.8221,4.5052,50.8244,4.5161,Carrera por la mañana,running,
20240814-0753-other-12142714522.gpx,12142714522,other,2024-08-14 07:53,19.5,1020,50.822,4.5051,50.8231,4.5174,Carrera por la mañana,running,
20240812-1208-other-12128525038.gpx,12128525038,other,2024-08-12 12:08,288.3,15899,50.1937,5.0056,50.2372,4.9075,Kajakken met de besties,Kayaking,
20240811-0743-other-12116529190.gpx,12116529190,other,2024-08-11 07:43,26.2,971,50.8221,4.5052,50.823,4.5177,Carrera por la mañana,running,
20240810-0746-other-12107937449.gpx,12107937449,other,2024-08-10 07:46,23.6,995,50.8221,4.5052,50.8234,4.517,Carrera por la mañana,running,
20240809-0800-other-12100499542.gpx,12100499542,other,2024-08-09 08:00,10.0,599,50.8229,4.5177,50.8241,4.5165,Carrera por la mañana,running,
20240809-0751-other-12100442414.gpx,12100442414,other,2024-08-09 07:51,6.4,385,50.822,4.5052,50.8215,4.5184,Carrera por la mañana,running,
