chainage_m,median_speed_ms,stop_frac,n_rides
12,4.01,0.111,27
37,4.66,0.000,27
62,5.55,0.000,28
87,6.28,0.000,28
112,6.34,0.000,29
137,6.50,0.000,29
162,6.51,0.000,29
187,6.56,0.000,29
212,6.42,0.067,30
237,6.53,0.000,30
262,6.17,0.000,30
287,6.19,0.000,30
312,6.15,0.000,30
337,6.40,0.000,30
362,6.61,0.000,30
387,6.64,0.000,30
412,6.49,0.000,30
437,6.13,0.000,30
462,3.32,0.062,32
487,4.04,0.062,32
512,4.96,0.000,32
537,5.84,0.000,32
562,6.29,0.000,32
587,6.54,0.000,32
612,6.60,0.000,32
637,6.75,0.000,32
662,6.71,0.000,32
687,6.72,0.000,32
712,6.69,0.000,32
737,6.72,0.000,32
762,6.73,0.000,32
787,6.73,0.000,32
812,6.81,0.000,32
837,6.72,0.000,32
862,6.73,0.000,32
887,6.69,0.000,32
912,6.74,0.000,32
937,6.64,0.000,32
962,6.65,0.000,32
987,6.72,0.000,32
1012,6.71,0.000,32
1037,6.70,0.000,32
1062,6.74,0.000,32
1087,6.73,0.000,32
1112,6.76,0.000,32
1137,6.69,0.000,32
1162,6.82,0.000,32
1187,6.77,0.000,32
1212,6.72,0.000,32
1237,6.56,0.000,32
1262,6.21,0.000,32
1287,6.33,0.000,32
1312,6.58,0.000,32
1337,6.16,0.000,32
1362,5.94,0.000,32
1387,6.30,0.000,32
1412,6.83,0.000,32
1437,6.82,0.000,32
1462,6.79,0.000,32
1487,6.92,0.000,32
1512,6.87,0.000,32
1537,6.76,0.000,32
1562,6.77,0.000,32
1587,6.73,0.000,32
1612,6.72,0.000,32
1637,6.75,0.000,32
1662,6.60,0.000,32
1687,6.79,0.000,32
1712,6.85,0.000,32
1737,6.74,0.000,32
1762,6.75,0.000,32
1787,6.72,0.000,32
1812,6.70,0.000,32
1837,6.65,0.000,32
1862,6.74,0.000,32
1887,6.79,0.000,32
1912,6.63,0.000,32
1937,6.62,0.000,32
1962,6.44,0.000,32
1987,6.51,0.000,32
2012,6.29,0.000,32
2037,5.85,0.000,32
2062,5.70,0.000,32
2087,6.38,0.000,32
2112,6.60,0.000,32
2137,7.14,0.000,32
2162,6.84,0.000,32
2187,6.53,0.000,32
2212,6.54,0.000,32
2237,6.63,0.000,32
2262,6.53,0.000,32
2287,6.39,0.000,32
2312,6.30,0.000,32
2337,6.26,0.000,32
2362,6.88,0.000,32
2387,7.36,0.000,32
2412,6.67,0.000,32
2437,5.13,0.000,32
2462,5.83,0.000,32
2487,6.17,0.000,32
2512,6.66,0.000,32
2537,6.65,0.000,32
2562,6.70,0.000,32
2587,6.78,0.000,32
2612,6.75,0.000,32
2637,6.50,0.000,32
2662,6.06,0.000,32
2687,5.13,0.032,31
2712,5.81,0.000,14
2737,7.33,0.000,19
2762,5.86,0.000,32
2787,5.84,0.000,32
2812,6.30,0.000,32
2837,6.57,0.000,32
2862,6.54,0.000,32
2887,6.61,0.000,32
2912,6.62,0.000,32
2937,6.66,0.000,32
2962,6.79,0.000,32
2987,6.82,0.000,32
3012,6.56,0.000,32
3037,6.54,0.000,32
3062,6.61,0.000,32
3087,6.70,0.000,32
3112,6.74,0.000,32
3137,6.69,0.000,32
3162,6.69,0.000,32
3187,6.66,0.000,32
3212,6.69,0.000,32
3237,6.64,0.000,32
3262,6.67,0.000,32
3287,6.71,0.000,32
3312,6.71,0.000,32
3337,6.73,0.000,32
3362,6.69,0.000,32
3387,6.71,0.000,32
3412,6.73,0.000,32
3437,6.70,0.000,32
3462,6.72,0.000,32
3487,6.77,0.000,32
3512,6.67,0.000,32
3537,6.53,0.000,32
3562,6.61,0.000,32
3587,6.67,0.000,32
3612,6.61,0.000,32
3637,6.60,0.000,32
3662,6.56,0.000,32
3687,6.60,0.000,32
3712,6.54,0.000,32
3737,6.37,0.000,32
3762,6.42,0.000,32
3787,6.50,0.000,32
3812,6.53,0.000,32
3837,6.57,0.000,32
3862,6.59,0.000,32
3887,6.64,0.000,32
3912,6.53,0.000,32
3937,6.61,0.000,32
3962,6.60,0.000,32
3987,6.56,0.000,32
4012,6.65,0.000,32
4037,6.75,0.000,32
4062,6.69,0.000,32
4087,6.66,0.000,32
4112,6.72,0.000,32
4137,6.54,0.000,32
4162,6.65,0.000,32
4187,6.61,0.000,32
4212,6.65,0.000,32
4237,6.69,0.000,32
4262,6.65,0.000,32
4287,6.65,0.000,32
4312,6.54,0.000,32
4337,6.40,0.000,32
4362,6.31,0.000,32
4387,5.88,0.000,32
4412,6.33,0.000,32
4437,6.54,0.000,32
4462,6.44,0.000,32
4487,6.61,0.000,32
4512,6.47,0.000,32
4537,6.53,0.000,32
4562,6.65,0.000,32
4587,6.69,0.000,32
4612,6.54,0.031,32
4637,6.61,0.000,32
4662,6.59,0.000,32
4687,6.56,0.000,32
4712,6.53,0.000,32
4737,6.48,0.000,32
4762,6.42,0.000,32
4787,6.35,0.000,32
4812,6.50,0.000,32
4837,6.44,0.000,32
4862,6.35,0.000,32
4887,6.44,0.000,32
4912,6.38,0.000,32
4937,6.20,0.000,32
4962,6.43,0.000,32
4987,6.43,0.000,32
5012,6.39,0.000,32
5037,6.25,0.000,32
5062,5.87,0.000,32
5087,3.23,0.062,32
5112,4.32,0.034,29
5137,5.42,0.000,29
5162,3.95,0.000,29
5187,5.15,0.000,29
5212,5.75,0.000,29
5237,6.15,0.000,29
5262,6.12,0.000,29
5287,5.93,0.000,29
5312,6.06,0.000,29
5337,6.15,0.000,29
5362,6.24,0.000,29
5387,6.06,0.000,29
5412,5.55,0.000,29
5437,5.04,0.000,29
5462,4.29,0.000,29
5487,5.22,0.000,29
5512,5.43,0.000,29
5537,0.36,0.531,32
