README.md	2859
index.html	9675
renders/colours_2026-09-15_15-33-27.mp4	900570
renders/colours_2026-09-16_23-31-30.mp4	946107
renders/colours_2026-09-17_00-01-35.mp4	1668377
rounds/v1/FEEDBACK.md	9384
rounds/v1/colours_v1.mp4	1803555
rounds/v1/index_v1-source.html	14206
rounds/v2/FEEDBACK.md	4323
rounds/v2/colours_v2.mp4	778773
rounds/v3/FEEDBACK.md	3842
rounds/v3/colours_v3.mp4	946107
rounds/v3/index_v3-source.html	10184
rounds/v4/FEEDBACK.md	5103
rounds/v4/colours_v4.mp4	1668377
rounds/v4/index_v4-source.html	9675
rounds/v5/FEEDBACK.md	970
rounds/v5/colours_v5.mp4	1668377
theme.js	60
