marketing/silent-studio/all-renders/closing_v5.mp4	183997
marketing/silent-studio/all-renders/colours_v5.mp4	1668377
marketing/silent-studio/all-renders/gates-saving_v9.mp4	2350082
marketing/silent-studio/all-renders/opening_v3.mp4	207017
marketing/silent-studio/all-renders/ranking_v8.mp4	1314123
marketing/silent-studio/all-renders/ride_v1.mp4	10774203
marketing/silent-studio/all-renders/start-ride_v4.mp4	8431328
marketing/silent-studio/structure.md	7623
marketing/silent-studio/COMMANDS.md	4944
marketing/cycles/21_teaser-single-render-unification/build_teaser_v2.py	7508
marketing/audio-studio/all-renders/gates-saving_v9_with_sound_v11.mp4	2653894
marketing/audio-studio/all-renders/opening_v3_with_sound_v3.mp4	363883
marketing/audio-studio/all-renders/ride_v1_with_sound_v3.mp4	11338453
marketing/audio-studio/all-renders/start-ride_v4_with_sound_v9.mp4	8684230
marketing/audio-studio/AUDIO-BRIEF.template.md	1972
marketing/audio-studio/FEEDBACK.template.md	1296
marketing/audio-studio/structure.md	9852
